IBM,JPM,GE
98.5,86.625,133.625
96.75,84.5,129.6759
95.875,83.625,132.8758
94.438,83.875,132.5
92.75,86.125,133.188
90.5,86.313,133.813
95.063,84.313,134.563
94.625,82.063,132.625
97.5,80.813,134.0
96.0,82.563,135.438
96.0,84.063,135.25
94.625,83.375,135.875
94.875,85.063,138.688
94.0,82.375,140.0
99.0,83.5,139.5
105.5,82.5,137.813
108.813,81.875,139.625
105.0,79.75,137.625
105.938,80.875,136.625
104.938,78.813,135.0
103.688,76.625,131.75
102.563,77.125,130.25
103.4396,78.0,136.125
109.813,80.938,135.688
113.0,82.0,136.313
117.0,78.5,138.5
116.25,78.3776,138.5
120.5,78.0,144.25
111.625,79.625,143.563
108.125,78.125,147.125
110.188,78.063,149.0
107.75,76.563,149.875
108.0087,76.188,146.125
110.688,73.25,147.75
109.063,73.375,153.8709
108.5073,72.375,153.688
109.875,75.0,158.375
109.125,76.25,158.875
109.6909,77.5,157.75
109.5636,76.688,158.438
110.438,77.188,158.0
109.688,77.563,157.25
109.188,78.0,154.75
112.438,74.75,153.0
114.0,70.625,147.25
112.938,70.25,143.75
118.0,70.125,143.125
117.25,72.625,148.0
117.2402,72.75,152.6949
117.8703,70.0,151.0
119.625,69.688,151.063
119.9375,71.125,153.125
120.938,73.938,153.375
119.688,73.938,149.625
115.563,72.25,146.5
123.0,75.375,149.063
121.875,73.875,147.938
121.875,74.375,145.313
116.75,73.0,138.063
119.063,75.375,140.5
118.0,79.438,141.563
112.75,79.563,140.313
111.375,76.813,134.0
112.375,82.438,134.25
112.0,83.0,137.125
115.0,83.5,135.938
118.188,82.5,141.0
116.0,82.188,141.688
116.938,84.063,136.563
119.0,84.938,137.0
117.688,83.125,134.563
119.063,83.25,135.063
116.0,82.25,133.75
115.8729,80.063,134.0
116.5,81.0026,136.625
116.5,80.625,134.875
115.25,78.063,131.0
112.0,76.0,126.25
110.5,77.375,130.0
108.813,77.25,130.313
109.875,76.625,129.5
104.625,76.75,126.0
105.563,77.688,130.625
102.0,79.875,133.5
100.5,80.5,131.375
107.25,82.0,137.25
109.938,82.938,139.5
105.9977,83.438,137.375
103.0,80.75,130.25
106.5,78.75,130.3127
107.625,80.0,130.875
104.0,77.625,129.0
107.75,80.5,129.625
107.5,77.875,126.8776
109.0,84.938,133.688
108.25,89.25,138.125
110.0,90.0,139.875
112.813,86.438,138.75
114.495,90.6267,150.5
115.875,91.0,151.5
115.375,97.0,157.625
125.0,96.0,157.75
125.7494,93.75,156.7622
122.313,94.25,157.375
118.875,89.438,162.0
122.625,88.0,159.25
120.0,87.938,155.25
121.5,91.5,158.563
120.5,84.25,152.125
123.4971,87.0,154.125
123.5,88.25,157.625
124.75,85.5,159.375
121.625,87.0,158.313
119.625,87.938,162.625
112.5,86.0,157.375
109.813,82.0,148.0
103.875,77.5,144.375
112.25,78.25,152.813
109.75,80.7527,156.063
105.0,78.125,156.063
102.0,76.0,157.0
106.5,75.75,162.25
112.5,78.75,166.125
109.5,75.125,160.5
112.0,74.25,161.375
112.5,72.5,159.0
111.0,73.813,159.0
110.5,75.188,159.5
109.125,75.125,157.438
106.625,72.0,154.0
108.063,71.625,52.125
110.5,72.25,52.375
105.5,70.689,51.5
104.0,70.063,51.5
103.75,69.125,50.813
104.0,72.75,52.313
105.1354,76.625,54.813
107.5,73.25,53.75
106.125,73.75,53.5
106.063,74.625,52.125
106.0,73.25,51.875
108.9986,71.938,49.188
106.5,72.5,49.0
110.5,72.0,50.75
105.5,70.375,50.438
107.75,71.625,49.813
110.5,73.0,51.75
107.563,75.875,52.063
109.0,82.375,53.313
108.438,80.5,52.0
112.25,79.375,51.4992
112.5,77.438,51.1276
119.375,77.688,51.5
119.875,77.0,51.063
119.125,49.375,50.0
118.875,48.375,50.0
118.875,48.875,51.25
116.0,49.813,50.5
116.313,46.75,52.0
113.5,45.375,50.813
120.0,48.0,51.938
115.563,47.688,50.063
114.125,47.25,49.188
113.5,46.625,48.6907
113.0,46.563,49.375
111.625,48.375,50.0
110.0,48.125,49.75
111.75,47.4375,50.5
112.688,47.688,49.25
108.75,45.875,52.5
105.625,48.438,52.25
105.0,47.813,50.063
102.688,48.25,50.7508
104.688,50.188,51.313
103.25,50.375,52.313
103.1914,51.688,53.875
105.4414,51.375,53.25
103.75,51.438,52.313
104.438,53.751,51.563
104.125,51.25,53.625
102.375,51.0,52.938
112.0,50.75,53.188
117.0,53.0,54.625
114.125,52.438,54.187
113.25,51.625,54.0
111.0,51.0,53.938
109.875,49.375,52.625
111.125,50.0636,52.4991
110.5,49.0,51.625
112.0,49.875,51.938
111.0,51.938,52.438
113.0,51.0,53.875
116.0,51.874,51.875
116.625,53.063,52.125
115.688,53.813,53.063
119.0,53.438,53.875
118.75,52.313,55.875
119.75,51.563,56.125
120.0,52.75,56.375
122.063,53.0,56.75
121.063,51.25,57.25
119.75,50.063,56.313
122.375,50.813,56.188
121.063,51.0,56.688
121.188,51.438,56.625
120.313,52.938,56.25
123.0,53.375,58.063
124.313,53.125,59.063
129.875,52.0,59.5
131.5,53.063,59.563
130.75,52.5,59.125
131.875,53.688,57.25
133.063,56.688,59.25
132.813,56.438,58.438
130.875,57.25,58.938
131.875,56.563,58.875
132.4951,56.875,58.813
127.875,57.5,59.5
124.813,57.75,59.5
123.125,50.375,58.813
128.0,52.0,59.188
126.813,50.313,58.5
125.25,49.125,56.688
122.75,46.688,57.563
124.688,46.813,56.625
124.188,46.5,55.625
123.0,44.75,57.875
124.5,47.5,57.0
120.0,47.3723,57.063
120.063,46.438,58.188
117.375,45.313,59.188
115.5,46.375,58.375
112.625,46.625,58.0
118.875,47.625,58.625
110.375,46.375,58.875
113.813,45.625,59.125
114.0,44.5,59.5
115.938,43.1291,59.125
116.625,42.063,58.75
111.875,40.125,56.748
114.25,40.125,56.563
104.188,37.875,54.625
111.5,40.188,57.0
111.938,40.0,57.688
96.7501,33.5,53.75
98.0,38.125,55.5
95.125,38.688,54.75
94.75,38.188,51.625
93.0,38.188,50.5
90.5,40.063,53.375
88.0,40.688,53.0
93.0,40.497,52.688
93.5,42.813,52.438
93.75,44.813,54.125
98.438,45.5,54.75
99.0,45.688,54.2487
102.5,45.563,53.813
99.875,44.875,53.563
101.125,45.125,54.5
103.625,44.938,54.875
96.75,43.063,54.063
98.0,43.625,53.75
91.813,41.875,52.0
99.25,42.813,51.438
99.5,42.063,52.375
99.25,40.875,52.25
98.313,40.938,52.688
101.5,39.75,51.2533
103.25,38.563,50.063
98.5,38.313,49.9998
99.375,37.938,49.5
100.438,39.438,50.125
98.75,39.438,49.125
97.75,37.375,49.25
98.0,37.188,49.2533
94.438,37.125,50.875
96.004,37.375,51.0
100.438,38.625,51.7492
101.7503,41.25,53.563
95.063,39.438,53.125
98.0,40.313,54.5
96.5,40.25,55.188
95.25,42.5,53.875
94.875,43.938,52.813
92.0,42.313,52.75
90.0,42.0,50.375
88.375,44.0,50.563
90.188,44.75,51.0
85.875,44.813,48.563
85.5,43.438,47.563
84.5,45.438,48.125
89.0,45.625,48.625
84.75,45.063,49.188
83.5,46.1865,48.938
86.938,46.938,48.5
84.5,44.625,46.75
83.75,43.438,44.2533
94.75,51.5,47.313
93.938,50.75,47.75
93.5,49.0,47.25
94.438,49.875,45.938
92.5,49.5,44.125
92.938,51.1212,45.625
93.688,54.0,46.813
93.75,53.5,45.688
95.375,52.938,48.0
104.375,51.5,47.375
107.5,50.75,47.813
109.5,50.563,46.875
109.563,50.125,46.5
109.063,52.688,46.5
110.1303,53.0,46.375
109.625,53.438,46.438
112.5,54.19,44.87
115.0,55.1,44.76
115.75,56.49,46.75
112.4,54.99,46.5
112.75,55.0,46.25
109.4,54.51,46.38
112.2312,54.0077,47.85
113.4,52.35,47.67
116.91,52.33,47.75
114.03,51.6881,47.14
110.55,52.47,45.6612
114.15,52.54,47.66
113.75,51.75,47.1607
116.8,51.38,46.3
114.55,50.4,46.5
114.55,51.99,47.2
109.55,48.95,47.7
106.5,47.75,47.3491
107.5,47.05,46.55
105.8,48.0,47.0006
104.9,48.95,47.48
102.95,47.89,48.0
99.3,45.6,45.4996
104.001,45.6,45.35
102.81,45.9,44.75
106.25,48.25,46.25
107.45,48.4,45.47
107.17,50.25,46.15
105.0,49.6,45.25
97.9,47.5,43.0
95.1,46.75,41.5
95.4,45.0,40.75
96.0,44.9,41.5
93.9,45.26,40.4
91.0,44.4,40.7
91.6,45.46,41.5
88.45,42.79,40.05
89.12,40.05,38.75
93.5,40.3,38.75
95.25,42.15,40.5
94.0,42.11,40.75
97.9,42.7,41.25
94.4611,42.8,41.3
96.5,43.15,41.75
97.45,44.5,41.52
94.6,44.12,41.55
90.45,41.4,39.55
95.8,41.3,41.0
98.0,41.6,41.55
98.5008,39.9,41.44
97.0,41.4,42.75
101.5,44.25,44.4
96.4,44.25,43.55
96.2,45.37,44.53
97.0,45.05,44.1
103.0,46.9493,45.88
112.0,49.0,47.5
114.35,48.79,48.51
114.01,47.95,47.7469
113.4022,47.8,47.0
112.0,47.51,46.7
114.95,47.75,48.944
116.8,49.47,49.36
116.4,50.04,49.99
115.85,48.49,48.05
118.3,49.25,49.03
114.6,48.6,49.1
112.0,48.25,47.6
116.2,49.05,49.93
117.25,48.75,49.96
116.2,47.25,49.0
118.5,48.0,50.15
113.75,47.52,49.84
111.2,46.4,49.01
113.5,47.4,49.73
112.5,47.39,49.99
115.8,48.06,52.0
115.07,48.8,52.11
117.95,48.48,52.99
119.6942,49.85,53.15
117.8,49.8,52.45
117.5,48.95,51.25
119.52,49.25,51.2
117.35,49.0,50.39
114.0067,49.33,49.67
112.65,48.55,49.15
112.5,49.25,48.99
113.25,48.75,49.096
113.64,49.5,49.2
117.6,47.55,49.0
117.0,46.0,48.75
117.5,45.15,48.84
116.3,44.25,47.8493
116.75,43.6,47.4
117.25,43.8486,48.1
115.6,43.65,47.85
115.1,43.9,48.2983
113.98,44.5,49.0
116.26,44.9,49.8
113.5,44.55,48.7
112.1562,45.7,50.4
112.6,46.6,51.0936
113.75,46.0,51.7
111.25,44.0472,49.0
113.1,44.2,48.7
113.8,44.4,47.75
115.6,44.75,49.0
113.5,44.7981,48.92
114.1,45.75,49.5
112.6,45.8,48.8
110.9,45.28,48.2
106.5,44.3957,46.9
104.73,43.5,46.75
101.6,41.96,45.8
105.9,42.45,45.9
106.15,42.29,46.6
108.53,42.9,47.15
106.1,41.39,45.75
106.1,41.0,45.6
105.6,43.83,46.3
103.4,43.45,46.7
105.7,43.4,46.5
104.85,42.76,45.4
104.5,43.15,44.4
104.75,42.7,43.95
104.7469,42.8,44.15
104.9,43.6,44.55
105.9,43.5,43.3486
105.35,43.2,43.0
108.5,43.55,43.1
107.8065,43.51,42.3
107.25,43.32,42.4
105.8,42.62,41.45
105.0,42.35,42.35
103.7,42.05,41.65
103.85,41.9,42.0
105.0,41.81,42.5
106.5,42.12,42.6
106.35,42.07,42.0
104.2,42.1992,41.53
105.49,41.85,41.2991
104.6805,41.3,41.0
103.85,40.9,41.52
102.5069,40.7,40.55
104.0,40.91,40.9
103.95,40.3,41.1
106.99,40.78,42.0
106.9,40.9,42.25
105.75,40.28,41.65
102.75,39.25,40.7
101.0,39.11,40.15
100.15,39.5,40.9
101.5,40.0017,40.98
100.68,38.0,41.3
97.9,36.0,40.0
96.0,36.3,39.01
93.9,34.9992,35.5
94.0,35.1,35.2
96.3931,35.0,34.4
94.1,33.15,31.3
90.6,29.25,29.0
91.8,31.65,33.75
94.1,32.55,35.21
94.45,33.73,36.0
91.3,32.5,35.6
90.2,33.6,36.3
91.72,34.3,37.3
92.3,34.4,37.55
92.8936,34.52,37.65
97.15,35.15,38.45
96.65,34.5,37.39
98.03,32.5,36.75
98.5,32.2,36.8
95.0,32.7,36.81
97.7,33.55,38.3989
98.7,32.99,38.94
99.85,32.1,38.55
101.87,34.0,38.86
106.3,35.5,38.75
103.05,34.65,37.1
101.65,34.15,37.0
102.65,33.88,37.15
105.75,35.9,38.0
106.5,35.95,37.28
108.05,36.15,36.85
110.0,37.48,38.24
110.5,37.1,38.65
107.8,35.3,36.75
109.6,36.01,36.6
107.25,36.09,36.25
109.15,36.09,37.6
109.95,36.5,38.6
109.6,36.6084,38.77
113.05,37.7184,39.65
113.96,38.65,39.55
113.1,38.8,40.29
113.0,38.76,39.9
115.7,39.8547,40.0
116.7,39.9,40.95
114.1,39.61,40.88
115.0,39.55,41.55
114.7,39.6,41.15
114.35,39.85,41.2
114.95,39.4,41.0
114.29,38.6,40.65
115.9,39.39,41.45
116.25,39.65,41.2
114.1,39.49,40.25
112.9,37.4,39.35
114.43,38.31,39.73
114.8,36.9,38.4
114.3,37.0,37.75
116.85,37.7,37.6
120.5,39.25,37.9
119.5,40.25,37.76
120.0,39.77,37.2
120.4,38.76,37.35
121.12,38.7505,37.45
121.55,37.4,36.85
120.8,36.6,37.05
120.15,36.1,37.8
121.51,36.95,39.75
121.9,37.2,39.7
123.89,36.85,40.8
122.7,36.52,41.1
122.0499,35.76,41.34
122.0,36.04,40.9
122.75,36.25,40.5
123.5,36.5487,40.77
122.75,36.4501,40.55
120.6,36.49,40.3
121.5,36.5,40.45
124.05,38.02,40.8
125.0,39.05,40.65
124.25,39.0,39.65
124.7,38.85,38.7
123.75,38.4,38.55
121.5,39.25,39.1
120.0,37.65,38.2
118.05,37.31,37.8
118.0,37.5,38.4
119.85,37.0,38.9
114.25,36.15,38.44
114.25,36.0,39.45
110.8,35.35,38.3
108.7988,36.25,38.1
108.5,35.45,38.0
109.5,35.15,38.6
108.15,34.06,38.0
104.25,31.52,36.4
106.4,33.11,37.0
107.64,34.05,36.9
108.0,32.17,35.9
106.25,30.57,35.1
106.7,29.27,36.35
106.64,30.0,37.01
103.0,30.24,37.4
105.0,31.22,37.25
106.75,31.6,37.5
106.7,31.5,37.7
109.0,30.0,38.1
104.8,30.21,38.0
101.5,29.3,36.8992
99.54,29.8,36.5307
98.75,29.28,37.98
96.38,28.45,37.52
98.45,27.8,38.05
99.0,29.0,39.2
98.1,29.19,39.25
98.49,29.01,39.25
98.6,29.6,39.1
103.35,30.25,39.8
104.25,32.5194,39.95
105.15,33.5,40.5005
107.297,34.45,41.75
104.82,34.75,41.5
104.35,35.5,41.0
105.52,36.0,40.5
108.3,36.0,40.75
107.02,35.01,40.25
106.55,35.12,40.55
107.1,36.01,40.25
106.85,35.75,40.0
106.9,35.7,39.74
105.7,35.19,38.3
106.5,34.8,37.52
105.8,35.2,38.1179
103.57,35.2021,37.1
103.75,35.2,37.27
103.55,35.85,37.7
104.0,35.65,37.05
102.0079,35.38,37.2
101.3983,35.19,37.1
99.96,34.85,36.75
100.84,34.62,37.6
87.5,34.54,36.5
88.5,35.0,36.8
88.45,35.19,36.53
88.05,34.8,36.7
87.56,33.7,34.45
86.5,35.5,33.1
86.35,34.95,32.5
87.05,35.95,33.5
86.97,37.01,33.66
89.9,37.5,34.15
88.95,37.27,33.55
88.35,36.68,33.5
88.2,36.7,32.85
86.05,35.4,32.25
86.7,35.75,32.8
84.71,35.4,31.75
83.91,34.7,30.8
83.85,35.44,31.75
83.75,35.5,31.65
83.1,36.3,31.3
81.7,35.9496,31.55
76.89,34.94,31.0
78.2,36.5,31.35
81.9,36.25,32.5016
79.95,35.94,31.75
80.25,35.35,30.55
84.5,36.9,31.55
84.6,37.24,31.45
84.2,37.05,31.35
86.25,38.0,32.4
85.45,37.8,33.0
84.41,37.92,32.9
83.76,37.52,32.0
84.25,37.56,32.1
83.65,38.0,32.95
82.8,37.75,32.7507
81.5,37.1,31.85
80.6,36.5,30.9
82.05,36.01,31.2
80.75,36.0,31.14
78.11,34.91,30.0
79.65,34.6488,30.25
80.55,34.87,30.3
78.48,32.75,28.4
77.75,33.65,30.15
77.85,33.98,30.1
75.4,32.85,29.4
75.45,33.12,30.0
74.2,32.35,29.5
76.18,33.6,30.0
75.6,35.48,30.4
74.2,34.7,30.7
74.0,34.6,30.25
70.0,32.8,29.15
67.25,32.25,28.55
70.3,33.3,29.95
66.1,30.75,27.5
71.2,32.05,29.7
71.35,32.65,29.9
72.0109,33.59,29.06
67.85,31.02,28.15
67.95,30.7093,27.25
72.453,31.5,28.75
73.0,32.59,29.7
71.4,32.26,29.4
70.6,31.6,28.4
68.0,30.0,26.8
70.0,30.75,28.0986
68.4,29.6,28.48
69.51,28.9,27.32
71.0,29.0117,28.4
70.5,27.6,28.05
70.96,26.55,27.1
71.25,25.96,26.5
68.25,23.65,25.98
66.0,19.01,24.19
68.9,23.75,26.6
68.75,23.2,27.05
70.37,23.75,28.898
70.5,24.6,30.0
70.75,24.8,31.6
70.4,24.96,32.1
68.21,24.53,30.85
67.94,22.88,29.35
67.0,23.4993,29.25
69.0014,24.42,30.47
69.2,25.3,30.8
70.61,25.6,31.5
71.05,25.8,31.76
71.55,24.95,31.8
71.95,24.4,30.75
75.4,25.12,31.9
76.5,24.79,32.0
79.35,24.98,31.55
81.56,27.01,32.65
81.9,26.5,32.65
80.95,26.4,32.4
81.2,26.3,32.25
80.4,25.75,32.35
80.4,27.0,32.5
76.0,26.4014,31.6
75.6,25.9,30.5
75.55,26.25,30.2
74.2,25.65,29.5
72.35,24.76,28.6
72.74,24.63,28.3
73.7518,25.04,28.85
72.45,23.2,28.15
74.6,23.9,29.2
76.4001,24.0104,29.3594
74.05,22.88,28.75
71.5,22.01,27.65
72.0,21.6,27.1
73.0,22.2,28.94
70.65,19.06,27.2
64.8,20.0,26.75
65.4,20.12,26.56
63.75,19.56,26.3517
61.08,19.26,25.65
61.2036,19.03,27.0
64.2,18.89,27.5
61.43,19.27,25.25
59.55,18.35,24.0
59.2,19.15,24.75
61.18,19.14,25.75
60.3,18.26,24.85
59.4963,17.63,25.25
56.6,16.55,24.02
57.78,17.25,23.25
56.05,16.05,22.55
54.65,15.4618,21.65
62.0,16.44,23.98
61.54,17.0105,24.2006
67.75,18.3005,25.5
66.6,18.15,25.85
72.8,19.5989,26.9
71.73,18.78,26.6
73.65,18.68,26.2036
74.5,19.98,27.01
74.4,19.7,26.95
75.5,20.24,27.1
72.5,19.52,25.8
75.15,21.0,26.85
76.56,20.8017,26.2
77.0,20.5,25.65
78.67,21.05,25.2
78.9,20.75,25.28
81.99,22.35,26.5
81.75,21.82,26.4
80.8,22.95,26.8995
79.9913,21.2,26.61
78.4983,20.6,25.85
77.59,20.22,24.75
77.5,20.3107,24.3
79.5,20.5,23.9
80.38,21.42,24.6
80.38,21.93,23.5
80.8,22.24,24.02
78.24,21.66,23.3
77.95,22.3,23.8
82.05,24.05,24.8
83.95,24.31,26.6
84.63,25.0,26.1995
86.15,24.9,26.5
85.9,24.55,26.65
87.7039,25.3982,27.3
88.6,25.99,27.98
86.72,25.1,27.19
83.41,24.62,26.5
84.9,24.7,26.75
81.5,22.96,25.25
81.0,23.86,25.65
78.6,23.27,25.72
80.8094,23.86,25.75
81.25,24.09,26.1
79.25,23.95,25.91
79.6,23.8,25.6484
80.6,24.8,26.4321
79.25,24.45,25.9
78.6,24.01,25.45
79.4,23.8,25.85
79.75,24.4,25.65
80.2,24.6,25.4
79.81,24.2,25.57
78.5,24.45,25.2
77.0,24.01,24.53
77.1,23.99,24.35
78.8,25.25,24.65
80.7,25.5,25.35
81.9,26.0,25.4
83.95,27.98,25.99
85.55,27.25,25.85
84.75,26.85,25.75
85.85,26.85,25.5487
88.31,27.4,25.75
87.233,27.5,25.7
88.58,27.551,25.93
87.4,27.08,25.5
83.74,26.35,24.97
81.3,26.52,24.89
80.0,25.42,24.05
80.15,25.1,23.65
80.6,24.85,23.8
77.99,23.75,23.05
78.5,23.6,23.6
79.5,23.2,22.8
81.3052,23.5,23.04
77.7,22.75,22.5
78.2,23.5,23.35
78.18,23.59,23.15
77.85,23.25,23.2
77.11,22.67,22.9
77.9678,22.6,23.0
77.1,22.0,22.61
78.3,22.45,22.6508
77.5,22.0,22.5
76.1,21.4998,22.283
76.4,21.3,22.08
78.02,22.08,22.54
79.0772,22.5,22.92
79.57,22.6,23.3
79.49,22.59,23.45
79.7,22.8895,23.95
77.9,22.0,23.15
78.45,22.35,23.85
77.9,22.4,23.47
77.0,22.64,23.8997
78.9,23.15,24.2
77.6,22.85,23.73
76.7,22.41,23.25
77.0,22.42,23.6
75.71,21.6904,23.5
77.45,21.87,23.9
75.82,21.55,23.67
75.25,20.5003,23.22
75.9889,21.25,24.209
78.45,21.77,25.25
77.9967,21.25,25.0
82.46,22.88,26.3
82.09,22.85,26.39
81.71,22.78,26.86
82.76,23.89,27.24
82.46,23.75,26.85
82.0,23.57,26.73
83.0,23.9,26.98
80.75,24.0087,26.05
81.05,24.12,26.25
79.26,23.75,25.45
78.5,24.15,25.55
79.9,24.8,26.95
82.32,25.4,27.28
82.35,25.34,27.57
82.6083,26.46,28.34
80.62,25.85,27.95
79.7,26.05,27.88
79.1,25.73,27.29
80.1,26.0,27.68
78.5,25.98,27.39
80.07,26.51,27.9
83.38,27.54,28.3
81.89,26.5,27.84
84.4,27.31,28.47
83.36,27.32,28.1
85.24,28.75,28.99
84.65,28.73,29.0
85.21,28.75,29.07
84.05,28.0004,28.75
85.34,28.69,29.68
85.66,29.14,29.28
85.3,29.3526,29.45
84.45,29.15,28.8
87.2,30.0,29.04
86.3,30.25,28.79
86.95,30.45,29.22
86.37,30.45,28.7
86.9,30.08,28.6
87.55,30.08,28.88
88.7758,30.94,28.75
90.0,30.73,28.88
89.5,30.8,28.7
89.67,31.04,28.4
88.05,31.25,27.65
86.58,30.42,27.74
85.77,30.1,27.43
86.25,30.4,27.7
85.75,30.5479,27.73
84.51,30.7,27.5
87.6,32.2,28.55
87.57,32.75,28.27
87.45,32.59,28.4
89.0,33.35,29.42
84.32,33.92,29.0
84.0014,33.65,29.08
84.0,34.6902,29.3328
82.25,35.77,30.21
80.0,34.6,30.05
82.35,34.0,30.3
82.7468,34.3,30.59
84.8,34.99,31.09
84.1456,34.8503,31.0
83.1,34.95,30.85
84.95,35.99,31.4213
84.15,35.6,31.11
84.95,35.25,30.26
85.0,34.85,30.2
84.79,34.5488,29.96
82.95,33.75,29.87
83.55,34.2986,29.84
83.7,34.0,29.05
84.1464,34.4,29.2
83.9,34.25,28.72
81.4,33.84,28.48
83.95,34.24,28.82
84.25,33.8,28.62
84.8,34.48,28.93
86.09,35.0689,29.27
86.1,35.48,28.8519
85.0,35.45,28.38
84.1,35.21,28.35
86.0,36.48,28.5
86.15,37.54,28.24
87.0,38.2631,27.7192
82.7,36.25,27.1526
83.85,35.23,27.58
83.2,35.1,27.77
82.5,34.5,27.2
82.0,35.1,27.4
82.95,35.3501,27.65
81.6,34.75,27.68
83.67,35.47,28.55
82.5541,35.58,28.38
82.45,35.5,28.15
81.8,35.65,28.35
81.15,35.08,28.2
80.75,33.36,28.46
81.13,33.65,28.26
79.7,33.0,27.8
79.69,32.7618,27.68
81.05,33.22,27.94
80.87,32.9899,28.05
81.45,33.47,28.3183
81.65,33.8,28.44
81.0,33.43,28.2
81.8,34.0,28.8
82.05,34.1,29.0
83.1,34.15,29.9
82.0,34.68,29.84
83.39,35.05,29.7
84.25,34.83,30.3
82.85,33.72,29.78
81.65,33.5,29.65
82.0,33.15,29.63
82.0,33.26,29.8
81.9518,33.96,29.58
82.406,34.42,29.75
86.24,34.7,30.55
86.33,34.87,31.11
87.0,34.43,30.938
88.45,34.34,31.03
89.2,34.5,31.06
88.99,33.92,31.05
86.75,33.75,31.05
87.6,33.52,31.43
89.7,34.0018,31.5
88.49,33.89,31.23
90.4044,34.6,31.78
90.63,34.87,31.77
92.45,35.5,32.42
92.24,35.01,31.6
91.5,34.99,31.3
91.08,35.5,31.6
89.4,35.0,30.83
89.41,34.52,30.12
89.25,34.4,30.0
89.2,34.6,30.25
88.75,34.7,29.81
89.55,35.15,30.54
91.0,35.68,31.15
90.74,35.2,31.0
90.5,35.55,30.58
92.0,36.2,30.55
93.3,36.05,30.53
92.4,35.7,29.65
93.1,35.56,29.52
92.65,36.5,28.9
93.9,36.94,29.41
89.27,36.55,28.83
89.28,36.62,29.02
89.3518,36.15,28.75
89.25,36.6,29.0
88.3,35.1,28.78
87.6,34.7,28.35
88.15,35.0,28.39
88.8,35.25,28.5
89.05,35.0,28.48
89.6,35.55,28.52
90.0,36.15,29.15
90.71,35.9,28.95
89.9,36.22,29.05
89.6849,36.3,28.81
88.52,36.5624,28.41
88.33,36.54,28.3
89.4,36.34,28.54
89.548,36.01,28.2301
90.0,35.55,28.15
89.45,36.1,28.12
90.4,35.81,28.6
91.02,35.7,28.25
89.9,35.2,27.67
89.92,35.4161,28.42
88.32,34.89,29.0
89.3,34.74,29.12
88.4,34.85,29.08
89.03,35.17,28.81
89.66,35.1511,28.77
89.79,35.3,29.11
89.9,35.3,28.85
90.9,35.61,29.2
90.57,35.7,29.03
91.1503,35.81,29.59
90.05,35.65,29.4
91.3,35.168,29.16
90.52,34.73,29.15
91.15,35.46,29.5
90.69,34.76,29.65
91.96,34.8187,29.7396
92.7,35.16,30.2814
93.43,35.5,30.59
92.11,35.4,30.42
93.85,35.73,30.65
93.0,35.74,30.87
93.23,35.75,30.89
92.83,35.77,30.8
93.07,36.06,30.9498
92.8,36.1779,31.05
92.37,36.27,30.89
93.1,36.27,30.7
93.27,36.54,30.83
92.66,36.8,30.63
92.86,36.56,31.0
92.0,36.66,31.24
92.2,37.15,31.4195
93.14,37.5,31.3508
93.21,38.1,31.86
91.75,38.4,31.65
91.21,38.5,31.95
91.45,38.8,32.01
89.9,39.08,31.79
95.07,39.85,32.07
95.0,39.0,32.4
96.0,39.4,33.75
97.23,39.09,33.47
97.84,40.04,33.98
97.82,39.94,33.65
97.9,39.45,33.48
99.4,40.15,34.25
99.15,40.0,34.3
98.1,39.17,34.0
98.02,39.05,33.86
99.15,39.1,33.6884
99.0,39.1,33.66
99.38,39.12,33.06
100.0,39.11,33.31
98.8564,39.0,33.27
99.31,39.85,33.35
98.45,39.43,33.17
99.2,39.58,32.5
100.06,40.22,33.15
99.1,40.47,33.0
99.99,40.42,33.08
99.31,40.67,33.05
98.42,40.734,33.0
98.6,40.82,32.79
97.4,40.58,32.75
95.1964,40.1,33.41
96.5,40.4,33.3
96.2617,40.35,32.722
96.8,40.66,32.75
96.5029,41.23,32.69
97.6,41.42,32.93
96.57,41.68,32.46
96.58,42.0,32.7
95.9539,42.6,32.65
96.49,43.04,32.5
94.3,42.94,31.59
94.38,42.49,31.64
92.0,41.75,30.92
92.0,41.351,30.63
92.6,41.2802,30.85
92.4,41.15,30.65
92.57,41.69,30.6
93.05,41.8,30.63
92.86,42.02,30.6225
91.27,41.25,29.94
91.6,41.15,29.79
91.57,40.99,29.05
92.15,40.85,29.21
92.39,41.3,30.25
92.99,41.47,30.58
92.6804,42.06,30.45
92.07,42.09,30.68
91.67,41.95,30.42
93.55,42.5,30.91
93.95,41.28,30.98
93.5996,41.6,31.48
93.37,41.5,31.66
94.0,41.75,31.7771
93.5,41.16,31.55
93.79,41.64,31.69
92.1008,39.66,30.65
93.8,39.34,30.7
92.3,39.02,30.88
91.9,39.25,31.18
92.0,39.42,31.15
91.15,38.54,30.55
90.5,37.7,30.5
90.9924,38.4,31.0
90.75,38.31,30.85
90.65,38.56,30.92
90.3,38.55,30.35
90.01,37.97,30.15
89.01,37.8,30.12
88.13,38.01,30.12
88.02,37.93,30.42
89.75,38.31,29.62
88.1,37.8,30.35
87.7484,37.49,30.32
87.6,35.95,29.75
87.2036,35.9,30.12
87.25,35.3,30.0
86.79,35.55,30.1506
86.65,35.73,30.3
85.3,35.06,29.7
86.08,35.6784,30.05
87.4,36.0,30.78
87.0633,35.75,30.26
87.59,35.88,30.31
87.75,36.27,30.94
86.75,36.09,30.7
88.6429,36.85,31.18
88.75,36.99,31.3
88.48,36.87,31.27
88.0,36.8381,31.0
88.6445,37.05,31.18
87.85,37.15,31.1
87.95,37.3,31.2
88.75,37.53,31.48
88.64,38.05,31.55
89.8961,37.99,31.4
90.23,37.71,31.15
90.05,37.73,31.35
90.49,37.6,31.69
90.25,37.2794,31.78
90.5,37.28,32.04
90.2,37.41,32.34
90.4,37.2,32.58
89.28,37.0,32.5
90.1,37.1,32.86
90.28,37.62,33.22
89.95,37.78,33.2
89.71,38.09,32.8
88.35,37.95,32.34
88.3034,38.38,32.4
88.28,38.58,32.4
87.45,38.18,31.95
86.5,38.0,31.6
85.3,37.26,31.73
85.0,36.92,31.87
84.4,37.04,32.05
84.0,37.0,32.22
85.9,36.7,32.73
84.84,36.87,32.8
84.13,36.54,33.11
86.05,36.25,33.62
84.5,35.95,33.3
85.63,35.93,33.13
86.75,37.2496,33.33
85.0,36.53,32.55
85.7,36.6,32.83
84.85,36.44,32.67
85.6,36.63,32.5
85.88,37.0,33.3
86.2514,37.25,33.35
86.45,37.0,33.07
86.8686,37.23,32.65
86.7,37.45,33.2
85.3,37.0,32.65
85.97,37.24,32.85
84.38,36.15,31.8
83.48,36.06,31.53
84.0,36.2,31.9
83.7,36.82,31.9
83.05,36.9,31.98
82.54,36.82,31.7
83.7,36.95,31.87
84.105,37.95,32.31
83.6,37.9,32.1
84.75,38.32,32.63
84.52,37.97,32.66
85.2311,38.75,32.68
85.0,38.75,32.7
85.0,38.6,32.52
85.0,39.321,32.75
84.65,39.55,32.75
84.57,39.67,32.63
84.55,39.11,32.49
84.05,39.52,32.79
84.22,39.45,32.9
84.3082,39.75,33.0
84.7,39.85,33.05
84.9,39.62,33.34
85.86,39.51,33.6
86.43,39.62,33.8
86.9971,39.69,33.88
86.6,39.3,33.6
85.94,39.3675,33.82
86.2,39.31,33.58
86.4,39.6779,33.7
85.4,39.66,34.05
85.7,39.5,34.22
85.35,39.5,34.2
84.04,39.75,33.77
83.8,39.47,33.5
84.1,39.62,33.12
84.35,39.14,33.2
84.48,39.38,33.45
85.14,39.65,33.4
85.95,39.9,33.7
87.0,40.33,34.0
87.95,39.7,34.09
87.14,39.31,34.09
88.04,39.52,34.14
87.43,39.54,33.98
86.77,39.5,33.8
86.02,39.05,33.8
86.26,39.6,34.25
84.75,39.24,33.7
84.78,38.53,33.52
84.3,38.55,33.4
88.2,38.75,33.88
88.45,36.7,33.48
88.4,37.08,33.1479
88.22,37.8,33.37
87.36,37.47,33.1
88.33,37.02,33.1
88.58,37.35,33.57
89.8,37.85,33.8
89.4,38.42,33.9
89.33,38.77,34.1
89.55,38.5,33.95
91.2458,39.35,34.4
91.05,38.75,34.36
92.4,39.64,35.2
92.5,39.32,35.09
93.0,39.33,35.02
92.92,39.18,35.48
93.6,39.2,35.4209
94.66,38.93,35.97
95.08,39.0,36.25
95.25,38.5,36.05
95.3,38.5,36.28
95.36,38.2,36.4
94.95,37.9,36.83
94.3,37.42,36.25
94.7,37.65,35.97
95.04,37.78,35.85
95.05,37.7,35.6
94.94,37.69,35.57
95.15,37.1802,35.2986
94.5,37.8,35.36
95.65,38.25,35.85
96.55,38.38,35.84
96.88,37.95,35.65
97.6913,38.2,35.6
96.43,37.81,35.65
96.2008,37.2501,35.58
96.1,37.69,36.15
96.85,38.0,36.8521
96.3,38.32,37.39
96.92,38.8,37.39
96.8,38.8,37.3
97.0,38.2,36.4
96.3545,38.6,36.92
96.59,38.65,37.11
97.35,38.95,36.77
97.5,39.12,36.75
97.69,39.2,36.85
97.4,38.97,36.54
97.8096,39.01,36.57
98.1,39.16,36.63
98.6,39.08,36.65
98.97,39.48,36.71
97.74,38.98,36.6
96.6,38.6,36.15
96.5375,38.77,36.03
96.5,38.69,36.36
95.78,38.27,35.8805
95.68,38.1,35.6
95.0,38.0,35.43
95.39,38.0,35.6
94.01,37.78,35.36
93.6439,37.71,35.28
94.95,38.01,35.82
92.61,37.8,35.45
92.9988,37.25,35.8
92.7,36.86,35.22
91.98,36.99,35.65
92.3,36.8,35.94
91.5,36.62,35.6
92.68,36.8821,35.55
93.65,37.28,35.9516
93.67,37.5,36.0
93.78,37.5,36.1776
93.87,37.53,36.15
93.01,37.44,36.02
94.3442,37.7,36.05
94.21,37.92,36.28
94.14,37.61,36.32
92.95,37.56,36.17
92.7,37.3,36.0
93.16,37.57,36.23
93.5,37.67,36.27
94.23,37.34,36.26
94.5,37.28,36.13
93.75,36.65,36.06
92.67,36.51,35.59
92.29,36.18,35.15
91.98,36.52,35.1
92.35,36.68,35.55
92.53,36.97,35.42
92.64,37.0,35.27
92.75,37.0,35.08
93.15,37.15,35.74
92.94,37.25,35.82
92.35,37.51,36.12
91.7,37.23,36.03
92.02,36.73,35.88
92.35,36.48,35.8493
92.25,36.26,36.03
91.5,36.11,35.8
92.0,36.51,36.28
90.74,36.25,35.81
90.49,36.22,35.6512
89.86,36.16,35.41
89.42,35.88,35.73
89.61,36.0,36.0
89.97,35.06,35.5
90.8,35.1,35.89
90.71,34.93,35.9
90.74,34.65,35.82
90.321,34.52,35.6
90.4603,34.9,36.1
91.4902,34.79,36.18
90.08,33.67,35.52
90.23,34.1,35.2207
89.05,34.75,35.58
89.0052,34.75,35.58
88.28,34.86,35.7
87.35,34.67,35.8
85.9,34.62,35.67
85.76,35.05,36.05
84.51,34.5677,35.98
78.9945,34.25,35.82
77.15,34.25,35.75
76.98,34.73,36.25
75.4788,35.57,35.85
73.0,35.02,35.8
74.23,34.77,36.0
75.1,34.98,36.35
74.68,35.18,36.4
75.6,35.0816,36.05
77.05,35.3,36.08
77.05,35.03,35.82
76.88,35.58,36.08
76.78,35.58,36.0509
76.6,35.51,36.11
78.0,36.15,36.15
75.56,36.0,35.82
75.26,35.56,35.84
74.75,35.6034,36.06
73.63,35.14,35.9
73.53,35.35,36.17
72.53,34.83,35.87
73.09,34.59,35.85
73.93,34.51,36.1
75.0,35.6,36.5
76.5,35.83,36.9
77.28,36.19,36.95
76.3,35.9,36.83
76.14,35.9678,37.02
75.42,35.79,37.09
76.45,36.04,37.02
77.11,35.95,36.92
77.3,35.83,36.88
75.57,35.56,36.48
76.75,35.25,36.93
77.06,35.62,36.8
75.8,35.47,36.65
75.0,35.52,36.77
75.04,35.55,36.98
74.58,35.52,36.75
74.75,35.6,36.7
74.5,35.29,36.62
75.05,35.4485,36.5
75.7,35.74,36.45
76.4,35.66,36.27
77.7,36.19,36.21
76.03,35.9,36.32
76.7,36.05,36.27
76.83,36.06,36.23
76.81,36.3,35.5
75.17,35.5,34.7479
74.01,35.58,34.72
73.83,35.77,34.84
75.26,35.98,35.18
74.8,35.71,35.0
74.3,35.22,34.85
74.38,35.0,34.63
74.8,35.0,34.55
75.15,34.6,34.18
77.38,34.61,34.38
79.4,34.81,35.1887
79.2,34.96,35.05
81.16,35.25,35.1
82.0,35.6512,35.39
82.43,35.69,35.34
81.99,35.67,35.38
84.72,35.51,35.36
83.2,35.22,35.33
84.6,35.7,35.18
83.98,35.4,35.2391
83.98,35.55,35.2
84.15,35.64,34.83
83.8004,35.52,34.71
83.55,35.36,34.88
83.3,35.45,34.8
82.9964,35.3227,34.5711
83.27,35.47,34.25
83.31,35.56,34.26
83.75,35.4184,34.15
82.75,35.35,33.85
83.41,35.31,33.85
83.4,35.07,33.97
83.65,35.26,34.3
81.93,34.8,34.02
82.15,34.64,34.32
81.9,34.27,34.12
82.0663,34.66,34.11
81.4,34.65,33.88
81.096,34.46,34.04
81.36,34.8,34.09
82.75,34.59,34.07
82.7,34.51,34.0
81.53,34.31,33.92
81.45,33.99,33.5
80.81,34.14,33.5
80.0,33.43,33.17
81.0,33.72,33.5
80.35,33.59,33.2
80.16,33.75,33.43
79.5,34.28,33.4
79.7,34.25,33.45
80.7,34.9,33.89
81.28,34.94,34.01
80.86,34.63,33.94
81.03,34.79,34.0
81.49,34.4,34.35
80.75,34.4,34.27
80.43,34.35,34.07
80.38,34.23,34.52
79.74,34.88,34.3
79.27,34.52,34.14
78.0,34.29,33.52
77.56,33.9,33.33
77.7,34.22,33.2984
78.31,34.25,33.58
77.17,34.05,33.47
78.06,33.89,33.68
79.25,33.85,33.3
80.02,34.23,33.65
80.22,34.19,33.6
80.6525,34.12,33.33
80.11,33.73,32.9
79.82,33.51,33.18
80.25,33.88,33.9
81.24,34.0,34.23
82.25,33.49,33.99
82.75,33.15,33.58
81.7,32.98,33.75
82.6,33.9779,34.4
82.36,34.21,34.21
84.3264,33.98,34.0
82.41,34.1474,33.93
84.0,34.89,34.46
83.08,34.77,33.95
83.15,35.26,33.76
83.08,35.7,34.01
82.97,35.71,33.98
82.53,36.1,33.63
82.32,36.22,33.68
81.51,36.5,34.0
81.8519,36.79,33.97
81.2,36.71,33.6
81.55,37.26,33.9
82.91,37.1,33.98
83.1,37.46,34.1
83.41,37.44,33.88
82.71,37.35,33.85
82.7,37.75,33.97
84.2,38.17,34.55
84.25,37.98,34.66
84.03,38.02,34.41
85.45,37.91,34.39
86.18,37.7017,34.58
88.0,38.0,35.46
87.6,38.0013,35.76
86.88,37.67,36.05
88.12,38.2084,36.05
88.95,38.98,35.9996
88.8,39.0,36.2
89.18,38.86,36.13
89.05,39.02,35.95
89.15,38.52,35.85
89.0,38.39,35.7514
88.4,38.83,35.42
88.56,39.15,35.9
89.0,38.85,35.8
88.57,38.47,35.57
86.8,38.66,35.43
87.01,39.14,35.66
84.5,39.02,35.5
83.65,39.4106,35.67
82.88,39.56,35.94
83.89,39.73,36.03
83.23,39.71,36.0
82.95,39.69,35.67
82.46,39.66,35.66
82.61,39.94,35.17
84.0,40.12,35.56
83.48,40.3982,35.57
83.1,40.11,35.06
82.7963,39.86,35.11
81.85,39.71,35.12
82.45,39.8295,35.1
82.2,39.78,35.35
81.4,39.61,35.2716
83.95,39.9249,35.38
83.9,39.88,35.4
83.15,40.5,35.27
84.37,40.73,35.14
83.82,40.25,35.45
82.9976,39.78,34.9
82.8,39.48,35.63
84.0,39.11,34.9
84.14,39.34,34.9
83.04,38.81,34.2982
81.33,38.14,33.53
81.39,38.27,33.55
81.05,38.16,33.15
81.5,38.71,32.93
80.75,39.25,32.95
80.21,39.52,32.9
81.5,40.03,32.9
80.9,39.88,32.66
81.45,39.88,33.07
80.55,39.45,32.8
79.94,39.4,32.85
79.5,39.2,32.66
80.58,39.28,32.31
80.4,39.53,32.78
80.4,39.62,32.92
81.33,39.77,33.1971
80.55,39.66,33.1802
80.8571,39.97,33.54
80.68,40.45,33.44
80.91,40.66,33.35
80.1,40.63,33.61
80.0,40.89,33.55
81.2,41.26,33.25
80.65,40.94,33.25
79.97,41.55,33.22
80.1,41.59,33.2
80.2,41.16,32.97
79.55,41.63,32.7
79.51,41.5,32.75
79.91,41.48,33.06
80.01,41.02,33.04
80.25,41.49,33.06
81.26,41.5,33.38
81.03,41.06,33.28
81.56,41.45,33.66
81.51,41.26,33.5
82.65,41.16,33.78
83.43,41.42,34.65
83.35,41.35,34.47
83.11,41.31,34.54
83.82,41.27,34.51
83.35,41.19,34.38
84.23,42.05,34.45
82.99,41.99,34.03
82.98,41.86,33.87
82.86,41.93,33.71
82.2,41.73,33.55
82.88,41.5416,34.07
82.95,41.78,34.74
82.72,41.95,34.79
83.05,41.6,34.87
83.33,42.17,34.6486
83.7,42.39,34.3
83.6,42.25,34.55
82.27,41.93,34.06
81.83,42.0,33.92
81.1,41.8323,34.3
81.18,41.96,34.19
81.92,42.28,33.76
81.89,42.22,33.52
83.95,42.4,33.95
81.65,42.5,33.8
82.49,42.88,34.25
81.3,42.51,33.81
81.95,42.53,34.0
82.84,42.39,34.07
82.7,42.66,33.9
83.51,44.1,34.49
82.59,45.38,34.64
82.11,45.0,34.39
82.54,45.59,34.22
82.87,45.51,34.5
82.946,45.91,34.9419
82.6,46.6,35.1
82.49,45.94,34.95
82.9,45.74,34.94
82.65,45.9193,34.5
82.47,44.95,34.38
81.8,44.33,34.1
83.0,44.6,34.7402
81.75,43.8,34.62
80.4997,43.29,34.49
80.86,42.9,34.23
79.83,42.75,34.05
80.25,42.74,34.1
79.35,42.1,33.76
79.89,42.65,34.35
80.16,43.1,34.47
80.35,42.9,34.34
80.15,42.66,34.15
79.89,42.75,34.3
80.5,43.8,34.64
79.1,43.66,34.55
79.06,42.97,34.4
79.78,42.37,34.55
78.5543,42.0,34.33
77.24,42.35,34.52
77.63,42.1,34.17
77.14,41.35,33.73
76.93,40.64,33.7
77.85,40.1,33.98
78.44,40.6,33.86
77.9,40.17,33.95
77.84,40.14,33.7211
77.99,40.13,33.83
78.16,41.1204,33.27
77.15,40.83,33.18
77.04,40.67,33.18
77.32,40.69,33.05
76.53,41.17,32.93
76.89,41.68,32.98
77.7,42.93,33.33
77.54,42.05,33.1
78.0,42.87,33.23
77.59,42.4,33.31
78.09,42.45,33.35
76.18,42.54,33.3
76.25,42.36,33.37
76.07,42.8788,33.21
75.01,41.95,33.01
74.24,41.25,32.29
73.35,40.81,32.08
73.7,40.95,32.36
76.0,41.9,32.58
75.73,43.05,32.85
75.4917,43.17,32.61
74.92,43.4,32.48
75.99,44.15,32.8
75.48,44.5,32.74
75.83,44.68,32.75
76.38,44.88,32.8
76.44,45.1,32.8
76.65,45.79,32.65
76.21,45.9,32.55
76.0,45.15,32.55
76.65,45.96,32.91
75.6355,45.0,32.68
75.63,45.48,32.8
75.56,45.12,32.48
75.2,44.25,32.35
75.34,44.05,32.62
76.05,44.3,32.71
76.9,44.15,33.19
77.48,45.44,33.37
78.93,45.28,33.7
79.38,45.68,33.71
79.51,45.41,34.0
79.28,45.27,33.9
78.95,45.2,33.7509
78.9,45.7,33.94
79.2,45.68,33.72
79.91,45.4,33.7
80.06,45.88,33.9
81.26,45.89,34.2
81.3,45.7016,34.29
81.13,45.85,34.18
81.19,45.64,34.08
80.29,45.65,33.87
79.9,45.89,33.85
79.5949,45.0,33.9
80.6,45.59,33.85
81.14,45.39,34.43
82.2489,46.01,34.7
81.9,46.41,34.5488
83.21,46.86,34.9
82.56,46.7,34.65
81.97,46.73,34.85
82.37,46.95,34.87
82.61,47.08,34.9
81.75,46.7,34.36
81.65,47.11,34.33
81.9,46.91,34.9
82.0,46.79,35.33
81.85,47.0,35.4
81.9,47.15,35.42
81.76,46.96,35.4
81.88,46.95,35.51
81.65,47.05,35.67
82.81,47.29,36.01
82.93,47.1,36.08
83.14,46.86,36.14
83.71,47.29,36.1
84.15,47.3,36.2
84.2,47.7028,36.25
84.45,48.02,35.93
86.08,47.98,35.73
86.33,47.05,35.35
90.51,47.84,35.82
89.8,47.21,35.4
90.04,46.88,35.4
90.05,46.83,35.28
90.91,47.07,35.45
91.21,47.3,35.55
91.83,47.35,35.75
90.91,47.57,35.46
89.8,47.34,35.22
91.5,47.78,35.28
92.5,47.75,35.2
91.8,46.93,34.88
91.76,47.15,34.78
91.5,47.18,35.02
92.42,47.5,35.35
92.25,47.49,35.45
92.59,47.65,35.51
92.3,47.45,35.3
91.55,47.4,35.28
92.0,47.49,35.46
93.08,47.57,35.51
93.07,47.5,35.87
93.42,47.99,35.85
93.6,47.66,36.17
93.01,47.78,35.98
92.9,47.6,35.8
93.05,47.22,35.8482
92.71,47.14,35.568
90.65,46.46,35.3
91.35,46.21,35.25
91.35,46.7209,35.41
91.8918,46.5,35.38
92.5,46.28,35.43
93.51,46.9,35.41
94.48,47.07,35.35
94.0,47.08,35.1599
93.65,46.66,35.15
93.72,46.7,35.24
93.6,47.56,35.21
94.78,47.78,35.85
94.97,47.61,35.49
95.61,48.2,36.28
94.95,48.3,37.45
95.1,48.03,37.75
96.1,48.3294,38.1301
95.78,48.42,38.05
95.75,48.64,37.89
95.0,47.98,37.6
96.3,48.54,37.79
97.11,48.8,37.76
96.9973,48.75,37.48
97.18,48.0,37.41
97.25,48.05,37.97
97.6,48.17,37.57
98.5,47.57,37.45
99.08,47.9,37.78
98.5,47.47,37.3797
99.0,48.0,37.5
98.99,48.1,37.84
99.4,48.16,38.0
100.69,48.6516,38.18
99.8,48.05,38.01
95.0,48.3,37.15
96.42,48.87,37.13
96.9083,49.5692,36.68
97.0835,49.68,36.7
97.22,50.24,36.65
97.52,50.0,36.45
97.7,49.57,36.07
98.5694,49.7,36.2
98.8,50.07,36.0004
98.97,50.96,36.18
99.1,51.22,36.26
99.17,50.81,36.27
100.0,50.85,36.4
99.8,50.84,36.32
98.9,51.06,36.06
99.52,51.02,35.71
98.8,50.59,35.55
98.6,50.35,35.64
98.5,51.09,35.93
99.06,51.05,36.36
99.12,51.16,36.07
98.66,51.15,35.8609
98.9,51.45,35.99
98.8,51.8,35.82
98.4,51.55,35.33
97.86,51.17,35.26
96.0,50.61,35.3
93.71,49.07,34.8
90.25,48.98,34.61
92.0,48.95,34.93
90.25,47.6,34.7405
92.4,47.97,34.73
93.97,48.69,34.74
94.5,48.79,34.6
93.48,49.12,34.57
93.29,48.64,34.28
93.86,48.45,34.27
92.65,46.72,34.09
93.4,47.14,34.2
94.45,47.62,34.6
93.95,47.2021,34.5
94.0,47.51,34.63
94.4946,47.81,34.75
95.1,49.06,35.44
94.8267,48.59,35.79
95.0,48.55,35.85
94.71,48.59,35.8
93.9,48.29,35.7
94.66,48.24,35.6
94.2345,48.61,35.56
94.51,48.38,35.36
95.45,48.25,35.43
95.8,48.56,35.37
95.98,48.35,35.13
96.426,48.78,35.1
96.4109,49.01,34.8
96.51,49.1,35.0
95.03,49.52,35.16
95.75,49.45,35.6
94.99,49.47,35.5
96.3,49.97,35.37
94.8,51.57,35.16
94.5,52.03,35.05
95.0209,52.65,35.23
95.16,52.35,35.13
97.23,52.06,34.8
98.7444,52.24,34.98
101.0,52.77,35.46
100.3,52.77,36.1
101.11,52.46,36.9
102.06,52.4,36.8186
102.8,52.0,37.12
101.7477,52.83,37.34
102.75,52.8,37.44
102.76,52.81,37.23
102.42,52.48,37.09
103.93,52.5499,36.92
103.82,52.7891,37.1
104.69,52.12,36.8
105.81,52.0,37.0
105.4033,52.09,36.67
105.1,52.37,36.7205
105.61,52.78,36.7505
105.84,52.62,36.8
107.67,52.38,37.31
106.95,52.56,37.22
106.8,52.33,37.5
105.45,52.0,37.74
103.9,51.53,37.43
105.57,51.6497,37.61
105.4,51.43,37.19
107.26,52.25,37.78
106.62,51.92,37.68
106.5,51.56,37.79
106.55,51.24,37.81
105.5,51.23,37.3
102.46,50.3,37.21
101.8,49.83,36.8
102.87,50.41,37.07
103.1144,50.22,37.35
102.85,49.63,37.25
103.1,49.93,37.6
104.22,50.6388,37.96
105.27,50.83,38.18
104.93,50.44,37.95
106.5,50.9096,39.45
105.77,49.69,38.95
105.96,49.56,38.71
104.73,48.72,38.33
105.1,48.45,38.3
104.75,48.26,37.82
105.52,49.25,38.15
105.96,49.23,38.23
105.3974,48.9,38.42
105.5,49.19,38.36
106.31,49.1,38.58
107.79,48.62,38.48
108.73,49.21,38.56
108.55,48.3,38.45
108.3,47.5215,37.8008
109.35,48.69,38.44
108.75,49.68,39.63
108.57,49.91,39.6
109.66,49.95,40.01
110.25,48.81,40.32
115.0,49.5,40.58
114.85,48.81,40.44
114.88,47.75,40.3
115.32,46.63,40.63
116.19,45.67,40.57
117.01,44.3,40.01
116.62,44.09,39.61
115.0,44.75,39.03
114.72,45.07,39.54
110.39,43.7,38.6
112.1,44.41,39.0
113.24,44.6,38.85
111.97,43.76,38.23
113.02,44.99,38.89
114.3,45.75,39.5
110.77,45.04,39.67
109.75,43.36,38.5
112.99,45.23,38.57
112.83,43.94,38.17
111.0012,43.13,37.58
110.98,42.75,36.51
111.87,48.08,38.11
110.9,47.17,38.49
108.9,46.12,38.03
110.09,46.67,38.6473
110.3957,46.45,39.21
111.45,45.5,39.04
113.0,45.75,39.2594
112.9,44.48,38.83
112.88,43.8813,38.24
113.62,43.64,38.32
115.99,45.0,38.8
116.34,44.4,38.84
117.48,44.83,38.77
117.92,44.24,38.81
116.2,43.27,38.91
116.15,43.75,38.8
116.35,43.96,39.2
116.95,44.5,39.39
116.3,44.42,40.01
115.05,45.23,40.24
114.7,45.39,40.08
115.0,45.68,40.36
116.9,47.97,41.77
116.27,47.62,41.5
117.89,47.5,41.6117
116.9,47.2,41.25
116.02,46.25,40.7477
116.94,46.26,41.18
117.5,46.2,41.4
117.14,46.05,41.26
117.61,45.47,41.28
119.31,46.99,42.03
117.65,46.71,41.95
116.2,47.2,41.7089
116.17,47.45,41.93
116.1,47.31,41.74
117.85,47.5928,41.51
118.0,47.47,41.92
118.99,47.01,41.95
118.5,46.67,40.8583
117.95,46.77,40.9
118.02,46.0,40.78
118.01,47.04,40.93
114.82,46.1,40.93
113.98,45.79,40.53
110.97,44.9,39.84
113.78,45.92,40.26
114.2,45.73,40.42
113.32,46.1,40.38
113.0,46.96,40.35
113.9,47.39,40.47
114.5,46.4055,40.49
114.75,46.95,40.62
115.5,45.65,40.89
114.42,44.45,40.5
115.11,42.69,39.95
113.49,42.69,40.2
113.56,42.93,39.9
105.65,42.51,39.2
104.92,41.4,38.52
101.89,42.11,38.24
102.73,43.3,38.5
106.12,45.9,39.9
103.24,44.6,38.93
104.51,43.74,38.5
104.34,42.7,38.48
102.59,41.37,38.15
101.41,40.81,37.65
103.1,41.5,37.3726
104.26,41.87,37.7507
102.7,40.92,36.8518
104.82,42.73,37.6901
107.24,43.38,38.29
108.57,45.38,38.6684
105.55,45.9,38.2
105.41,44.32,36.72
107.83,44.54,36.5985
108.0,44.88,36.7
109.68,46.21,37.25
109.38,46.8,37.26
109.34,47.11,37.4
109.17,47.03,37.95
108.0,45.83,37.0
107.31,45.24,37.48
105.37,44.82,36.82
105.08,44.7672,36.68
106.54,43.9,36.78
107.78,44.3277,36.6
109.8957,43.92,36.71
111.2,44.14,37.4
110.9,44.72,37.41
110.53,44.6,37.4
110.76,44.19,37.35
109.51,43.07,37.3
108.99,43.55,37.1
104.83,42.34,36.81
103.95,41.41,36.54
100.25,41.1,36.21
100.05,41.46,36.43
97.76,39.59,35.48
97.39,39.77,35.6
99.2,40.88,35.56
105.01,41.27,35.76
102.03,40.73,35.26
100.1417,40.46,34.33
102.0,41.57,34.7386
106.72,40.24,33.92
98.55,37.6604,33.2
99.63,40.4,33.75
106.38,45.83,34.6523
107.79,45.67,34.95
104.44,43.79,34.31
105.5,45.94,34.97
105.85,47.1,34.68
104.21,46.41,34.61
107.16,47.26,35.59
108.67,47.83,36.17
107.06,45.05,35.09
105.05,44.27,34.46
102.89,43.39,34.08
102.19,44.96,34.11
103.05,43.89,33.94
105.16,43.66,34.25
107.13,43.55,34.65
107.94,44.05,34.99
105.27,42.41,34.36
106.94,43.54,34.56
105.4198,42.371,34.0505
108.1,43.14,34.36
107.14,43.06,33.71
107.43,43.4283,33.55
109.52,43.73,34.07
113.84,43.07,33.8
115.6,44.0,33.98
114.04,41.88,33.74
113.86,40.55,33.34
113.4,39.37,33.17
116.41,39.36,33.73
115.06,38.18,33.54
111.85,36.89,32.67
113.12,37.73,32.44
115.8,38.48,32.41
116.44,38.85,33.449
115.6848,37.84,33.51
116.07,38.8,34.52
113.0,37.0,32.99
116.6,42.19,34.91
118.29,43.258,36.2
117.09,42.91,36.54
118.57,45.42,37.63
119.1,46.02,37.25
117.59,45.2719,37.02
116.02,44.22,37.26
115.86,43.2,36.87
114.15,42.71,36.5778
115.2,45.13,37.36
116.84,47.08,38.26
114.35,45.37,37.74
116.05,45.85,37.82
116.37,46.43,37.87
115.7273,45.2398,36.9
116.5,45.18,36.9
116.93,44.2,36.4
117.31,43.32,32.5
116.2,42.4,32.38
117.1,42.18,32.04
118.15,43.53,32.34
122.39,44.34,32.11
123.92,46.33,32.42
123.62,45.29,32.6999
123.87,44.96,32.5
123.69,45.41,32.49
123.38,45.37,32.44
124.5,47.29,33.01
122.61,47.67,33.47
122.04,47.34,33.19
123.34,47.25,32.85
121.06,47.68,32.8
123.3,49.9,33.41
122.29,48.32,33.36
121.5,47.34,33.07
122.7729,48.22,33.01
124.2,46.98,32.72
124.37,45.75,32.46
123.82,46.82,32.33
125.12,47.04,32.5283
126.52,46.0,32.42
127.33,46.05,32.66
128.46,47.32,32.45
127.68,46.55,32.13
126.05,45.66,32.25
125.05,43.7972,31.77
123.55,42.4,31.01
124.35,42.72,30.96
124.01,42.4,30.42
127.5,43.39,30.57
128.76,42.69,30.45
129.22,43.96,30.79
128.49,42.63,30.75
127.47,42.53,30.56
127.884,41.74,30.46
127.41,41.9,30.56
127.77,41.79,30.86
125.38,40.32,30.23
124.88,37.23,29.93
125.9,38.5,30.38
123.85,37.71,29.97
124.42,38.39,29.36
125.4607,39.48,28.69
127.1,40.36,29.18
124.55,38.53,28.7
123.67,38.79,28.17
124.81,37.69,27.86
123.0,37.99,27.59
123.08,36.81,27.37
123.67,37.9418,27.74
123.4408,37.16,27.59
121.02,36.45,26.81
120.03,34.86,26.35
117.5,33.69,26.42
118.41,34.36,27.2
119.95,35.12,26.75
119.62,35.5,27.1
120.55,34.3,27.1783
124.21,35.74,28.14
120.66,34.0,27.55
121.8,33.38,27.6
123.51,34.19,28.13
120.9952,30.73,27.0488
122.81,32.3,26.8
126.39,38.05,28.1
125.81,41.2,28.12
129.83,40.34,28.12
127.5,38.16,27.82
129.78,40.91,28.78
129.06,42.06,29.74
129.0,39.17,28.9514
127.69,39.41,28.7
126.54,37.94,27.78
128.12,41.41,28.73
128.1,40.63,28.6991
128.52,41.11,28.43
126.77,40.14,28.14
128.2,41.27,28.38
128.45,41.35,29.17
128.3,40.68,28.77
128.5,39.51,28.58
128.43,40.79,29.6211
126.01,40.99,29.92
125.0,37.64,29.58
125.0157,36.59,29.12
127.07,38.05,29.66
126.49,37.92,29.9696
123.63,36.01,29.2
123.5,35.52,28.74
121.58,36.18,28.3
123.3,37.22,28.91
124.48,37.4,29.04
122.58,36.17,28.49
122.42,36.55,28.27
124.06,37.66,28.35
123.71,38.51,28.78
122.87,39.56,28.54
118.34,38.91,28.45
117.99,39.3,28.39
114.15,37.5,27.49
118.0,42.39,28.88
117.78,40.81,28.9595
116.4,39.99,28.37
116.6,38.25,27.6989
118.66,40.84,27.73
115.36,38.39,24.82
113.73,35.58,22.17
114.79,39.08,23.99
112.91,36.53,23.74
119.59,47.0,29.12
118.45,45.6933,27.38
116.21,40.55,25.36
116.93,41.4966,25.08
117.75,42.25,23.66
117.21,40.55,24.75
117.44,46.58,25.12
115.83,44.63,23.87
115.51,46.91,24.0
108.4864,49.25,22.83
105.16,50.31,22.7
101.21,43.49,20.54
101.5,45.43,22.28
91.51,38.9299,20.02
95.29,41.03,21.4
87.414,35.03,18.7
90.4439,43.91,22.27
96.42,43.33,22.31
92.77,39.33,20.46
89.38,39.02,19.51
91.75,39.63,19.35
92.21,40.01,20.2608
92.22,39.92,19.93
87.0,39.15,20.04
84.09,37.36,19.24
79.27,35.12,17.46
80.27,35.1,18.04
81.4,34.95,18.37
87.74,37.11,19.54
91.0115,36.89,19.79
90.9,37.29,19.27
92.64,41.25,19.78
94.76,41.2509,19.83
92.93,41.73,20.69
87.68,38.96,19.75
85.78,38.23,18.62
87.99,38.28,19.34
83.25,35.8213,18.27
80.73,35.42,17.48
79.62,34.65,16.41
82.63,36.33,16.36
79.4,33.82,15.9506
79.13,32.76,16.03
79.93,31.69,15.87
75.0,27.74,14.1
72.74,23.74,13.56
75.7419,23.92,14.63
81.3724,29.63,15.94
79.52,28.76,15.44
81.0,30.3591,16.37
80.95,30.67,16.36
77.8,26.54,16.14
78.62,27.44,17.07
80.03,29.84,17.83
76.78,30.41,17.375
82.5717,33.97,18.42
83.82,35.6702,18.28
83.95,34.4,18.03
81.5,32.6,17.4
78.68,28.44,16.6
82.51,29.34,16.95
83.11,29.0114,17.13
85.44,31.5,17.62
85.77,32.16,17.54
85.22,30.11,16.16
83.2708,30.64,16.56
82.35,30.23,16.27
80.55,28.65,16.1
80.93,30.0521,16.05
81.72,29.99,15.95
81.83,29.89,15.8
83.5,30.7,15.8201
83.89,31.19,16.51
86.42,30.73,17.17
87.11,29.79,16.86
87.83,29.15,16.67
87.81,27.9,16.05
87.05,27.55,16.21
84.57,25.92,15.965
85.5,25.21,15.65
84.2,25.59,14.59
83.61,26.54,14.08
84.61,24.83,14.1997
84.76,21.0,13.95
86.29,19.29,11.88
89.8278,22.36,12.39
88.4,21.9188,12.69
89.77,25.0,12.48
91.77,25.12,12.73
92.7,27.19,13.31
93.58,26.74,13.33
92.23,25.81,12.72
90.6,25.0,12.03
91.07,25.03,11.88
93.74,24.2482,11.56
92.13,23.74,11.09
92.51,25.51,10.9
95.93,26.65,11.34
95.58,26.86,12.54
93.48,25.25,11.95
94.41,25.35,11.75
94.79,25.25,11.55
91.73,22.8,11.1995
91.17,22.18,11.07
91.06,22.07,10.94
88.05,19.71,9.71
89.3,20.9,9.58
84.63,20.13,8.95
86.0,20.83,9.09
86.85,23.32,9.28
88.1203,21.63,8.6
91.17,21.7,8.29
90.16,21.6796,7.84
88.97,21.74,7.24
88.13,18.5,6.75
87.47,17.19,7.0
84.7,15.37,6.95
85.11,17.35,8.01
87.51,20.35,9.23
88.59,20.15,8.73
90.4,23.5901,9.9
91.65,24.31,9.97
91.11,23.3006,9.85
89.46,24.82,9.93
92.84,27.25,11.2
93.16,24.66,10.05
93.7,25.3,10.28
97.69,28.05,10.22
98.47,27.19,10.74
98.47,29.05,10.85
95.99,28.27,10.77
92.0,25.67,10.33
94.9602,25.73,10.33
96.13,25.29,9.91
99.15,29.58,10.75
99.73,27.98,10.81
100.9,28.27,10.85
100.17,27.28,10.9
99.45,27.45,10.73
102.01,30.44,11.24
100.28,32.01,11.44
99.08,33.04,12.49
98.23,30.62,11.49
99.74,34.01,12.06
101.1823,33.35,12.4
100.2924,31.78,12.0
98.41,29.07,10.99
101.17,31.64,11.66
102.65,32.23,12.16
101.17,33.66,12.03
99.61,32.53,12.13
99.36,32.35,11.95
101.98,33.44,12.1703
104.55,35.01,12.53
103.78,32.85,12.74
105.26,33.06,12.96
106.0,35.45,13.25
105.23,35.82,13.47
104.65,38.5,14.3
103.58,36.8,14.3798
101.09,37.35,14.38
102.98,36.24,14.24
102.88,34.7,13.21
101.72,34.12,12.77
100.9,35.45,13.07
102.0,35.71,13.11
104.33,37.3,13.6395
105.51,36.61,14.03
103.07,34.19,13.51
102.67,35.26,13.36
101.32,34.12,13.0187
104.34,36.5,13.47
103.34,35.14,13.23
104.47,36.35,13.33
106.9451,37.4,13.82
107.51,35.07,13.7
106.53,34.4,13.65
106.17,34.4,13.62
107.33,35.72,13.96
106.64,34.5507,13.5
108.15,35.72,13.56
109.2,35.57,13.72
108.75,35.07,13.43
108.4,34.86,13.45
107.63,34.88,13.36
108.47,34.27,13.18
107.46,33.43,12.7099
106.93,32.85,12.19
106.31,34.65,12.13
105.18,34.69,11.86
104.75,33.11,11.53
105.39,33.78,11.77
103.7,33.48,11.6192
106.5,33.88,11.9
105.99,34.55,11.82
105.69,34.5977,11.84
105.0,34.2698,11.76
103.8,33.36,11.6396
101.57,32.0289,11.37
101.34,32.63,11.47
100.2976,32.93,10.99
101.12,32.89,10.94
100.97,33.3092,10.74
101.28,32.87,10.88
103.42,34.53,11.57
104.754,35.11,11.92
106.84,35.5,12.07
113.41,36.42,11.91
114.53,37.02,11.71
115.87,37.2,11.78
116.18,36.4,11.36
115.06,36.95,11.65
116.68,38.05,11.89
116.95,37.97,12.17
116.63,37.74,12.25
116.3616,37.79,12.44
118.0031,38.13,13.0095
117.56,38.38,13.24
118.88,39.12,13.65
119.17,39.27,13.66
118.52,40.34,13.8507
118.31,42.28,14.1904
118.11,41.28,14.53
118.17,42.03,14.62
118.03,42.28,14.44
117.6,41.19,13.8
119.28,42.73,14.38
119.29,42.63,14.11
116.69,41.2083,13.35
116.8165,41.1,13.53
116.36,41.15,13.33
118.44,41.53,13.66
119.65,42.86,14.16
119.92,43.86,14.36
119.25,43.39,14.23
118.64,43.39,14.24
118.73,43.05,14.11
120.1011,43.81,14.3502
117.1,42.44,13.94
117.67,43.08,13.74
116.34,41.51,13.21
116.55,41.23,13.3503
116.58,42.33,13.48
117.94,42.79,14.52
117.03,42.6,14.78
116.99,42.73,14.92
117.8,43.13,14.87
117.0,42.08,14.55
118.78,43.61,15.49
119.5,43.35,16.39
121.14,44.29,16.97
122.45,45.24,16.88
121.03,44.54,16.43
122.09,44.81,17.06
121.26,46.4,17.17
120.69,45.21,17.06
120.27,44.15,16.3521
120.52,43.9739,16.47
119.36,44.89,16.91
119.18,44.8,16.83
119.39,43.4,16.31
117.4,40.82,15.45
118.9,42.48,15.59
120.39,44.36,16.14
121.12,44.6,16.03
122.52,46.04,16.46
122.43,45.46,16.2
125.44,46.37,16.36
126.22,45.65,16.32
127.7025,47.19,16.77
127.56,46.36,16.79
123.15,46.7,16.3506
121.76,46.42,16.05
123.36,45.81,15.8
122.18,46.02,15.51
120.75,44.92,15.5
122.95,45.7,15.37
120.61,45.12,15.24
120.18,43.99,15.07
120.47,43.73,14.77
122.15,43.22,14.54
122.63,43.95,14.93
120.77,42.18,14.3
119.53,42.09,14.2
121.46,43.21,14.44
122.12,42.6,14.28
122.51,43.14,14.98
123.92,43.93,15.7
125.3,44.14,15.95
126.5548,44.34,15.94
126.61,44.08,15.8
126.41,43.16,15.76
127.17,43.25,15.8
127.4202,42.92,15.96
128.05,43.14,16.01
127.28,43.1,15.92
127.17,42.47,15.66
127.7,42.95,15.83
127.9,43.26,16.08
127.88,42.67,16.24
124.59,40.98,15.49
125.12,41.56,15.82
127.29,42.61,16.27
127.32,42.15,16.12
127.6,42.3,16.12
128.4,42.25,16.34
126.88,41.6297,16.07
126.97,41.01,15.899
126.7,41.25,15.73
128.13,41.36,15.81
129.01,40.9882,15.72
129.65,41.01,15.98
129.46,41.5,15.83
128.74,41.17,15.8
128.0,41.06,15.59
127.97,40.53,15.9089
127.8,41.55,15.69
129.3,42.0,15.57
129.7,41.84,15.46
129.89,41.68,15.38
130.99,41.85,15.38
132.28,41.73,15.36
131.23,41.27,15.3
132.41,41.62,15.27
131.18,41.79,15.22
131.68,42.79,15.46
130.6767,43.45,15.53
129.87,43.79,15.48
129.07,44.37,16.31
131.06,45.12,16.83
129.03,43.99,16.58
130.39,43.55,16.76
130.55,44.2,16.79
132.03,44.3,16.68
131.63,43.4,16.35
130.46,43.01,16.5
130.47,43.04,16.47
128.67,40.649,16.5501
126.33,39.76,16.46
125.92,39.0,16.33
125.8097,38.35,16.29
127.03,39.6798,16.43
124.32,39.65,16.22
123.23,39.0974,16.2
124.79,39.8,16.2702
125.16,40.58,16.79
125.19,39.7888,16.48
123.04,38.64,16.04
123.15,38.29,15.83
122.65,38.1904,15.76
122.94,38.64,15.57
122.58,38.84,15.62
123.01,38.67,15.59
124.91,39.33,15.7
125.5,40.26,16.1903
126.13,39.94,16.1008
127.35,40.11,16.14
127.3,40.4,16.23
126.48,40.9,16.19
127.02,40.05,15.9801
126.05,40.16,15.76
127.01,40.69,16.0
127.5,42.03,16.1
128.7,41.98,15.92
127.73,41.65,15.98
127.07,41.91,16.07
127.17,42.3171,16.19
127.06,42.85,16.37
126.27,42.39,16.3
125.99,42.87,16.49
125.71,42.91,16.4894
127.91,43.34,16.585
127.4,42.92,17.02
128.0,43.35,17.49
128.9,43.31,18.32
127.47,43.75,18.09
127.71,43.72,18.32
127.11,43.07,17.86
127.94,43.85,18.16
128.63,44.44,18.36
129.36,44.98,18.71
128.93,45.0423,18.32
129.3,45.25,18.52
128.9,44.9,18.47
128.23,44.31,18.21
128.95,45.03,18.2708
128.38,45.28,18.42
128.68,45.23,18.4485
128.53,45.83,18.57
128.04,45.16,18.39
127.88,45.88,18.59
128.57,46.03,18.56
128.26,46.04,18.75
129.73,47.4,19.2097
130.53,47.6503,19.45
130.68,47.67,19.44
130.38,45.23,18.64
129.2,45.77,19.04
129.8658,46.04,19.1
128.64,44.91,18.91
129.08,44.73,18.86
129.76,44.78,19.19
129.9,43.48,19.24
129.4,42.84,18.67
130.55,43.89,19.04
130.43,44.02,19.46
129.3888,42.97,18.97
128.89,42.97,19.06
127.12,42.11,18.22
126.29,42.63,18.0
123.36,41.03,17.51
126.27,42.32,18.04
125.21,41.46,17.85
127.1547,41.7401,18.09
130.93,41.44,18.41
131.06,40.0995,17.97
130.68,39.93,17.61
131.26,40.62,17.72
129.37,38.54,17.07
127.22,38.55,16.8098
122.16,37.02,15.7
125.26,40.1615,16.315
121.47,37.67,15.5
124.89,39.19,16.3434
125.05,39.58,16.42
125.96,40.33,16.66
124.69,39.32,16.24
124.85,39.1697,16.16
127.75,39.8619,16.41
126.37,38.49,16.08
125.57,37.79,15.73
124.26,36.86,15.46
124.83,38.15,15.58
125.99,37.68,15.59
126.73,37.79,15.53
128.5,37.97,15.77
128.93,37.55,15.52
128.34,38.02,15.71
130.07,38.6,15.87
131.02,38.6,16.0
131.42,39.55,16.21
130.37,38.93,16.09
129.25,38.29,15.76
129.57,38.55,15.38
128.34,38.78,15.12
127.65,39.55,14.96
127.35,37.91,14.75
124.83,37.02,14.47
123.5569,36.54,14.33
123.2956,36.31,14.16
123.58,36.69,14.11
123.47,36.64,13.9898
127.37,38.78,14.87
127.9,37.75,14.95
127.37,38.86,14.9
128.9829,39.81,15.22
129.32,40.15,15.2592
129.87,40.72,15.16
129.96,40.28,15.0
128.67,39.03,14.64
122.97,38.32,14.36
126.44,40.25,15.11
126.32,38.96,15.08
127.3,39.1683,15.21
128.18,39.8,15.91
128.78,40.74,16.3
128.67,40.44,16.1
129.06,40.71,16.15
127.43,39.72,15.92
129.25,40.98,16.32
130.03,41.5,16.39
130.46,41.22,16.41
130.73,40.97,16.35
130.41,40.74,16.32
130.79,40.55,16.42
131.1704,39.67,16.19
130.69,38.65,15.98
127.69,37.36,15.42
127.96,37.8,15.34
127.47,37.32,15.29
128.83,37.97,15.66
128.8741,37.39,15.58
128.67,37.66,15.56
128.72,37.11,15.18
127.57,37.2093,15.22
125.21,36.59,14.7404
124.57,35.9491,14.46
125.78,36.36,14.66
123.83,35.87,14.61
125.08,36.4,14.67
123.31,35.94,14.36
125.31,36.74,14.73
126.03,37.84,15.1
126.22,38.47,15.39
126.99,38.73,15.28
126.02,38.34,15.39
127.27,39.93,15.91
126.99,39.92,15.96
128.63,40.64,16.19
128.43,40.97,16.18
128.6569,40.51,16.07
129.2,40.72,16.18
129.92,41.03,16.31
130.24,40.24,16.27
131.45,41.31,16.52
131.61,40.43,16.5105
131.42,39.63,16.27
132.42,39.51,16.33
133.51,39.54,16.65
134.67,39.36,16.43
134.4,38.7891,16.34
135.5,38.49,16.46
135.51,38.34,16.4
135.2347,38.98,16.31
136.18,39.36,16.25
136.88,39.56,16.49
137.92,40.11,17.0
138.4,39.67,17.13
138.79,39.52,17.24
138.4,39.47,16.97
139.91,40.66,17.3
140.35,39.25,17.39
142.1,38.87,16.78
140.895,37.15,16.31
137.3,37.9,16.1
138.28,37.9995,16.19
139.81,38.19,16.09
140.15,37.5,16.11
140.42,37.97,16.26
139.29,36.98,16.06
139.52,37.0608,16.06
141.84,37.7,16.22
140.9,37.45,16.07
143.64,37.61,16.09
143.85,37.5294,15.9987
144.24,36.98,15.96
144.82,38.14,16.2
145.94,39.89,16.52
145.35,40.86,16.62
146.7,40.43,16.82
146.09,39.87,16.64
144.7,40.27,16.44
144.59,39.8626,16.25
143.89,39.82,16.23
142.93,39.74,16.14
142.49,39.58,15.87
143.04,39.57,16.0
144.38,39.41,16.06
144.0,39.06,16.14
144.24,38.01,15.83
143.95,37.83,15.8095
145.3,37.71,15.78
143.53,37.47,15.73
142.2484,37.49,15.75
143.61,37.95,16.03
144.33,38.43,16.29
144.25,39.07,16.49
144.54,39.48,16.7
146.02,40.35,16.92
144.3572,39.36,17.01
145.94,40.67,17.21
144.88,40.89,17.22
145.14,41.57,17.89
144.26,41.44,17.66
145.13,40.73,17.64
144.84,40.42,17.53
144.69,40.06,17.73
145.39,39.83,17.77
144.99,40.16,17.78
145.66,41.17,17.83
145.89,42.15,18.0
145.12,41.82,17.92
145.31,42.7,18.21
146.0,42.58,18.37
146.36,42.31,18.28
146.73,42.11,18.15
147.21,43.0,18.49
147.56,43.78,18.34
147.34,43.92,18.52
147.13,44.4,18.69
148.79,44.54,18.58
147.58,43.27,18.61
148.2,43.7,18.705
147.99,44.44,18.57
149.24,44.94,18.7284
148.89,44.51,18.61
149.82,45.02,18.98
153.26,44.55,18.61
154.53,43.83,18.46
156.4,45.05,19.31
155.42,45.21,19.93
159.21,44.82,19.98
161.67,45.2,20.18
161.43,44.9779,19.96
161.05,45.05,20.39
159.18,44.41,20.1308
162.11,45.2,20.38
163.4,45.79,20.84
163.16,45.48,20.65
163.48,45.0,20.79
164.08,44.75,20.7718
164.82,45.49,20.9538
165.6205,45.36,21.3
163.9,45.1,21.17
163.98,45.4,21.04
164.18,46.6,21.51
162.89,46.56,21.45
163.33,47.15,21.42
163.3,47.77,21.28
164.46,47.82,21.535
163.57,47.2,20.88
161.81,46.0405,20.52
159.63,45.63,20.12
161.06,46.25,20.71
162.36,46.81,20.95
163.15,46.47,21.12
159.43,45.39,20.18
161.4158,45.72,20.88
163.3914,45.98,20.85
161.6,45.62,20.4
159.7,45.38,20.43
163.4678,46.33,20.575
164.64,46.08,20.2603
162.3912,45.28,19.95
161.16,45.42,19.96
157.35,44.55,18.84
156.52,44.64,19.38
154.0,44.46,19.27
156.5,45.245,19.64
157.64,46.28,19.68
158.56,45.66,19.77
158.0,45.29,19.45
160.23,45.7,19.68
160.9872,45.7,19.85
161.54,46.1,19.81
161.34,45.83,19.66
163.55,46.53,19.98
163.4,46.05,20.08
163.7,46.55,20.14
164.42,46.12,20.73
163.81,46.17,20.48
164.34,46.81,20.57
164.1,47.6407,20.49
164.35,47.52,20.4857
163.44,47.0,20.24
163.36,46.55,20.02
163.97,47.24,20.05
163.84,45.68,19.85
165.0006,45.24,20.05
164.64,44.27,19.77
165.71,44.26,19.99
163.1,44.9,20.52
165.63,44.68,20.78
167.65,44.65,20.14
167.99,44.85,20.04
168.61,45.3,20.19
169.99,45.61,20.69
171.1,45.81,20.72
172.1143,45.94,20.7
172.0068,44.95,20.355
172.36,45.98,20.56
170.47,45.24,20.23
169.0301,45.47,20.19
168.39,44.75,19.97
169.25,45.06,20.14
170.3,45.015,20.21
169.65,44.1,20.0
171.691,44.06,20.12
169.81,42.9704,19.85
167.85,42.68,19.6187
170.1,43.72,19.59
170.86,44.32,19.87
170.4,43.83,19.93
168.58,42.4,19.32
168.5,42.77,19.43
167.63,42.11,19.0
167.46,42.12,19.13
167.91,42.7,19.4904
168.44,43.24,19.68
168.9,42.87,19.47
166.44,41.93,19.16
164.3,41.09,18.83
164.76,41.1,18.709
165.11,40.92,18.54
163.27,40.58,18.49
165.01,40.59,18.5501
164.57,40.59,18.51
164.44,41.29,18.31
163.87,42.13,18.53
162.75,41.02,18.47
162.06,40.63,18.21
164.24,40.85,18.63
163.7,40.5,18.34
165.2,40.68,18.6003
165.59,40.67,18.69
164.06,40.12,18.34
165.85,40.05,18.42
165.74,39.4,18.01
168.33,40.07,18.33
170.61,40.04,18.54
171.11,40.72,18.59
171.61,40.81,18.86
173.52,41.5129,19.22
175.19,40.59,18.97
176.78,41.19,19.23
175.49,40.7,19.08
174.9,40.19,18.72
174.93,39.2383,18.43
174.9,39.67,18.53
174.4,41.18,18.6504
175.0858,40.61,18.55
174.7451,39.7895,18.33
178.74,39.92,18.4
183.84,40.69,18.75
183.5812,41.57,18.98
184.64,42.27,19.43
183.89,41.52,18.97
182.9365,41.5,19.0
182.01,41.2,18.47
181.06,40.69,18.14
180.26,40.24,17.99
182.6,41.1616,18.39
179.95,40.1,17.74
177.67,39.76,17.25
176.5,39.31,17.19
172.1,38.2994,16.66
168.83,36.23,15.67
167.4601,35.38,15.59
168.18,35.52,15.85
164.1,34.63,15.15
168.5,37.13,16.04
171.32,36.53,16.17
172.19,36.27,16.24
171.57,36.46,16.3
166.32,35.27,15.74
162.17,34.76,15.1
161.35,35.12,15.55
160.6426,33.2883,15.17
164.13,34.82,15.4808
167.52,37.79,15.94
164.85,35.28,15.3999
170.5753,36.82,15.79
172.06,37.4,15.95
173.29,37.42,16.24
172.71,37.62,16.31
167.69,35.06,15.85
163.06,33.11,15.25
167.28,34.1,15.5
167.0,34.44,15.69
164.57,33.08,15.38
160.04,31.35,15.01
163.64,32.81,15.02
164.01,32.73,15.48
168.64,33.37,15.9
171.33,34.0525,16.22
169.5,32.69,15.98
173.57,32.77,16.25
175.0,32.23,15.97
168.33,29.35,14.96
166.99,28.96,14.9
170.96,30.06,15.4
176.82,32.62,15.81
177.97,31.6191,15.75
179.69,31.58,15.82
176.01,30.74,15.65
174.36,30.03,15.1
171.54,28.25,14.49
174.57,30.23,14.94
176.81,30.71,15.27
182.32,32.58,15.7
183.0,31.6,15.79
184.59,31.98,15.98
186.08,32.76,16.25
184.9698,32.45,16.23
188.19,31.87,16.42
189.71,31.64,16.49
178.0,31.36,16.25
179.68,32.77,16.71
178.13,32.32,16.5693
179.11,33.48,16.37
181.51,33.61,16.37
181.66,34.18,16.46
181.7331,34.11,16.41
184.99,36.56,16.96
185.57,36.61,17.185
185.59,35.93,16.98
181.55,32.47,16.13
184.0,33.7109,16.37
185.13,34.12,16.52
186.27,33.99,16.55
186.22,34.03,16.37
187.48,34.53,16.44
184.2,33.84,16.15
183.58,32.92,16.08
185.27,33.28,16.24
189.17,32.95,16.22
187.49,32.09,16.0287
187.82,32.34,16.07
186.81,31.4,15.98
186.71,30.67,15.77
183.37,30.02,15.4792
182.22,29.9,15.29
180.67,29.11,14.91
178.01,28.28,14.76
182.71,29.71,15.23
182.02,28.98,14.91
184.57,30.15,15.3108
187.01,30.86,15.89
189.92,30.88,16.04
191.18,33.64,16.35
190.65,33.26,16.5
191.99,32.82,16.68
192.4848,33.55,16.58
192.91,32.36,16.38
193.64,32.55,16.71
193.46,32.37,16.56
189.84,30.88,16.34
190.48,32.1,16.82
188.0071,32.1596,16.94
184.51,31.87,16.97
185.5,31.4,17.05
183.22,32.0,17.32
182.71,32.69,17.7
183.11,33.62,18.02
184.9553,33.22,18.18
185.19,32.9903,18.0
184.07,32.71,17.81
186.33,33.11,18.03
186.7326,34.06,18.23
185.57,34.44,18.31
184.81,34.71,18.46
184.39,35.69,18.73
182.2,35.44,18.7422
183.23,36.0717,19.01
180.73,35.8,18.55
181.86,36.8215,18.96
179.48,35.2598,18.78
180.36,34.85,18.99
179.8321,34.54,18.5796
181.7838,36.84,19.03
185.77,36.78,18.81
187.9105,37.31,19.09
188.63,37.18,18.84
191.33,37.36,18.83
191.79,37.88,19.26
190.01,37.23,18.9993
189.39,36.66,18.83
193.084,37.5306,18.98
193.21,37.8901,18.94
192.72,37.69,18.85
192.93,38.2676,19.0
192.48,38.06,18.99
192.45,37.86,19.02
192.7685,38.05,19.1904
193.03,38.6,19.31
191.76,37.22,18.99
193.31,38.08,19.0285
191.76,38.23,18.9288
192.31,38.08,19.01
192.61,37.15,18.86
193.71,38.6,19.18
193.73,38.65,19.42
193.03,38.3,19.43
193.87,38.06,19.07
198.38,38.66,19.36
196.78,38.07,19.02
197.75,39.1321,19.12
197.86,39.33,19.18
197.23,39.5096,19.15
197.1022,40.43,19.14
198.36,40.7,18.95
199.14,39.45,18.6
198.09,39.46,18.58
199.24,40.47,18.98
199.98,40.75,19.02
200.93,40.86,19.09
201.72,41.02,19.2
203.7741,43.62,19.63
204.94,43.64,19.87
207.03,44.87,20.26
205.71,44.44,20.08
204.74,44.53,20.02
204.32,45.5311,20.16
204.0,44.72,19.95
205.89,44.45,19.7879
206.45,45.48,19.98
208.46,45.92,20.12
207.44,45.76,20.0207
206.09,45.92,19.82
208.74,46.08,20.07
208.96,45.75,20.03
209.31,45.74,19.97
206.22,44.68,19.65
205.15,44.13,19.61
204.4,43.19,19.1
204.94,43.88,19.12
203.99,43.59,19.02
202.8,44.12,19.01
204.32,44.95,19.18
204.74,43.38,18.98
204.57,43.69,19.03
202.43,43.6187,19.23
200.03,43.44,19.17
199.83,43.51,19.43
197.89,41.92,19.06
199.06,42.98,19.19
202.02,43.65,19.77
203.4,43.22,19.43
206.47,43.94,19.69
206.71,43.3313,19.68
207.18,43.0,19.58
206.97,43.46,19.72
208.27,43.38,19.8
206.4729,42.33,19.56
203.96,41.43,19.15
202.44,41.5,19.23
199.99,40.72,19.0
201.0,41.23,19.12
199.96,37.141,18.92
199.92,36.1,18.82
199.44,36.191,18.55
199.42,36.79,18.89
199.67,35.04,18.9502
198.78,33.99,18.95
195.9841,33.52,18.99
198.04,33.32,19.16
195.53,33.62,19.12
195.99,34.44,19.15
195.11,34.0,19.29
195.22,33.98,19.29
194.8,33.3,19.1897
194.1,32.96,19.01
190.12,32.41,18.8224
188.34,32.16,18.44
187.92,30.89,18.08
190.78,32.71,18.39
195.28,33.77,19.09
193.71,32.77,18.98
196.6,34.37,19.35
192.14,32.88,19.16
194.3669,33.69,19.25
193.0,34.41,19.36
196.08,34.89,19.87
197.57,34.71,19.88
198.83,34.99,19.87
198.7,36.0325,20.0
199.07,36.49,19.99
193.87,36.02,19.68
192.48,35.26,19.4804
193.54,36.061,19.54
192.14,35.64,19.91
191.23,35.32,19.92
194.55,36.7,20.42
196.36,36.27,20.74
195.46,35.96,20.38
194.88,35.61,20.34
193.92,33.92,20.16
190.76,33.81,19.99
190.3,34.22,20.04
186.22,34.21,19.68
184.25,34.33,19.5
183.46,35.06,19.51
185.58,35.76,19.51
185.73,35.44,19.64
184.15,34.75,19.65
193.4,35.02,19.94
194.09,34.05,19.89
189.78,33.24,19.56
190.92,34.58,20.06
190.3126,34.98,20.06
193.49,35.78,20.2
195.1,36.01,20.63
196.32,36.5,20.79
196.5,36.11,20.75
196.9523,36.19,20.86
194.16,35.62,20.52
196.48,35.82,20.8209
198.76,36.24,20.97
199.43,36.57,21.14
198.27,36.85,21.05
198.62,36.72,20.94
197.87,36.76,21.0
198.88,36.87,21.04
198.88,37.42,21.08
198.9,37.07,20.86
198.7833,37.18,20.87
201.08,37.2,21.1
200.69,36.92,20.95
200.99,37.63,20.965
198.64,37.88,20.77
197.04,37.81,20.74
194.96,36.94,20.59
197.96,37.31,20.82
195.56,37.1,20.76
195.13,37.32,20.82
194.77,37.06,20.72
194.31,37.14,20.76
196.61,36.98,20.63
194.41,37.08,20.5501
196.26,37.58,20.87
199.12,39.04,21.32
199.39,39.23,21.48
200.55,38.8,21.49
203.52,39.88,21.67
204.38,39.84,21.77
206.24,41.96,22.2008
205.55,41.0,21.93
206.88,41.05,21.99
207.5677,41.333,22.3
205.85,40.96,22.19
207.367,41.53,22.55
205.02,40.61,22.4
205.6,41.55,22.39
205.0421,40.15,22.16
204.37,40.4,22.24
205.66,40.42,22.77
208.01,40.88,22.725
210.96,41.14,22.93
209.94,40.83,22.8606
210.28,41.16,22.9509
211.15,42.04,23.04
210.02,41.33,22.87
209.95,41.77,22.94
207.82,41.55,22.61
206.57,42.37,22.59
205.64,41.6,22.58
208.88,41.912,22.54
209.94,42.79,22.79
201.21,42.93,22.77
199.91,43.09,22.81
195.29,42.7977,22.51
193.71,42.25,21.86
193.53,41.47,21.35
192.44,41.68,21.43
191.41,42.24,21.5
191.49,41.42,21.19
194.8,41.45,21.26
194.68,41.7,21.03
197.53,43.04,21.53
192.36,42.33,21.2
195.26,42.57,21.51
193.36,42.01,21.36
191.4,41.28,21.16
189.85,40.31,20.76
190.03,40.85,21.04
188.39,40.1826,20.6
189.14,40.21,20.7297
185.83,39.06,19.9
186.33,39.43,20.0985
188.62,40.09,20.41
189.88,40.33,20.67
189.3,40.94,20.7
191.0,41.1,20.81
192.45,40.79,20.88
192.08,40.8685,21.04
190.98,40.49,20.75
192.75,41.15,21.24
191.75,40.99,21.14
190.76,41.27,21.18
189.71,40.78,20.87
189.01,40.69,20.91
189.17,41.25,21.2
190.14,41.84,21.44
192.17,42.54,21.4305
193.18,42.6011,21.48
194.6,43.0,21.61
192.18,42.65,21.74
191.69,42.77,21.61
191.76,43.0,21.69
193.85,43.83,21.85
195.46,43.99,21.64
194.47,43.69,20.91
193.0872,43.82,20.84
193.05,43.72,20.79
192.21,43.95,20.81
191.5366,43.96,20.8
191.11,43.1,20.4488
189.23,43.1,20.29
194.09,44.98,21.51
195.67,44.74,21.48
194.19,44.45,21.21
193.4,45.09,21.16
192.92,45.4,21.1
193.48,45.56,21.04
192.65,45.89,21.04
194.15,45.97,21.22
192.82,45.89,21.18
191.31,45.4897,21.04
192.0,45.91,21.15
193.85,46.4,21.22
194.03,46.38,21.94
194.36,46.25,22.18
203.5,46.2308,21.98
203.91,46.24,21.96
204.45,46.74,22.28
204.85,46.84,22.44
204.34,46.28,22.49
203.69,47.04,22.52
203.32,47.01,22.21
204.65,47.4,22.43
204.19,47.54,22.4097
204.31,47.94,22.4832
200.39,48.42,22.47
200.62,48.65,22.5
199.97,48.33,22.5
200.98,48.51,22.49
200.01,48.8,22.48
200.65,49.35,23.11
199.73,48.4,23.25
199.98,49.35,23.48
200.6,49.12,23.42
200.62,49.35,23.71
198.63,48.41,23.18
199.23,48.63,23.35
201.67,49.1,23.4991
198.63,48.22,22.97
198.89,47.85,23.02
202.18,49.16,23.37
200.65,48.6,23.02
202.59,48.73,23.15
205.86,49.49,23.46
207.03,49.88,23.84
208.29,50.05,23.7
209.85,50.59,23.86
210.04,50.23,23.69
209.4,50.35,23.59
210.2,50.2867,23.44
212.15,50.25,23.55
215.38,49.97,23.44
212.9,49.19,23.17
214.13,49.65,23.3
214.76,49.57,23.73
212.96,48.79,23.42
212.21,48.63,23.32
212.54,49.04,23.45
211.772,48.74,23.27
210.96,48.2,23.0187
209.83,47.84,23.14
212.8,47.55,23.03
212.92,48.01,23.17
214.32,48.03,23.38
212.77,46.96,23.01
209.1,46.79,22.8
209.07,47.88,23.05
209.56,48.74,23.25
211.86,48.94,23.1
211.5,49.21,23.55
210.79,48.9,23.49
210.44,48.39,23.28
210.84,48.43,23.07
210.53,48.11,22.96
210.11,46.8032,22.76
195.74,47.15,21.94
191.15,47.4,21.67
189.27,47.68,21.55
192.16,48.32,21.69
192.69,49.02,22.2102
194.16,48.86,21.9802
194.78,49.08,22.31
199.13,48.96,22.29
201.87,48.76,22.0982
200.12,48.25,22.25
203.94,48.63,22.57
203.79,47.71,22.56
202.81,48.57,22.69
202.9434,49.22,22.68
204.69,49.7,22.99
203.37,49.05,22.77
204.1676,48.84,22.86
202.09,49.77,22.85
202.25,50.201,23.0386
204.0,50.87,23.1
205.25,51.26,23.27
208.02,52.28,23.46
207.24,52.53,23.59
208.5,53.43,23.78
205.48,52.82,23.52
204.6905,52.9023,23.5
207.44,54.557,23.77
206.22,54.09,23.42
206.97,54.6,23.58
208.59,55.71,23.59
208.25,54.6,23.37
208.6,54.54,23.59
205.16,53.78,23.55
203.0,52.84,23.25
204.85,53.77,23.54
206.97,54.64,23.88
203.17,53.46,23.49
204.59,53.9,23.7
201.01,53.0,23.45
203.97,54.04,23.68
203.448,53.7,23.75
203.0241,54.03,23.83
204.44,53.99,24.2
200.67,53.0853,23.63
198.4935,52.96,23.5799
193.99,50.88,23.12
195.31,51.51,23.17
195.97,52.65,23.43
196.05,53.03,23.41
191.73,53.12,23.32
192.15,53.22,23.21
190.78,52.57,23.27
190.98,52.3084,22.83
194.49,53.36,23.17
195.5931,54.54,23.36
191.8733,55.07,23.52
191.51,54.77,23.72
193.78,55.84,23.91
193.07,55.51,23.99
192.4425,55.4893,23.73
194.04,54.9,23.66
194.72,55.05,23.54
198.27,55.51,23.6
197.91,56.51,24.21
193.4,56.17,24.77
194.21,56.72,24.87
195.95,56.92,24.79
196.3,56.45,24.61
196.59,56.06,24.6504
196.83,55.98,24.53
196.99,55.87,24.57
194.49,55.58,24.57
196.65,56.36,24.6
195.5,56.27,24.5196
195.16,56.33,24.57
192.26,55.99,24.49
189.6,55.057,24.2091
189.45,55.4185,24.47
188.0,54.6827,24.34
186.97,54.04,24.1407
189.54,54.22,24.3
188.58,54.33,24.2
186.23,53.52,23.97
185.5326,53.07,23.88
185.3,52.89,23.9
184.37,51.78,23.7682
184.67,51.92,23.72
185.65,52.0,23.66
185.34,52.27,23.8293
185.27,52.16,23.74
183.63,51.02,23.36
182.68,50.33,23.16
181.96,50.59,23.16
182.75,50.82,23.44
183.63,51.25,23.31
183.58,51.16,22.99
183.35,52.03,23.34
184.65,52.41,23.15
183.68,52.78,23.25
187.2159,53.83,23.67
186.83,53.37,23.95
190.96,53.43,24.16
191.21,52.29,23.775
193.7,53.45,24.06
193.42,53.19,24.13
192.6,52.69,24.47
194.18,53.63,24.8
193.96,52.95,24.55
190.06,52.08,24.2
190.93,51.01,24.22
190.14,50.22,24.2995
190.1,51.93,24.3
188.87,51.5,24.1
185.56,51.73,23.88
185.34,51.64,23.94
185.54,51.3189,24.14
184.7,52.0,24.22
184.17,52.07,24.18
181.85,52.29,23.84
181.89,51.83,23.92
179.37,51.17,23.84
183.17,51.84,23.9
185.25,52.96,24.32
185.41,51.94,24.21
185.74,52.91,24.269
185.42,52.6106,24.35
173.84,53.79,24.38
174.8167,54.26,25.21
174.42,54.27,25.87
173.35,54.65,26.19
175.09,53.31,25.99
176.43,52.839,25.8409
178.4154,52.16,26.07
177.04,52.89,25.88
177.62,52.83,26.1895
181.69,53.0,26.29
179.65,52.65,26.35
179.81,51.45,26.05
179.9,52.74,26.59
179.54,51.85,26.3174
177.91,52.26,26.47
179.6,52.131,26.94
178.8191,51.83,26.42
180.19,53.91,27.02
182.53,53.93,26.92
182.27,53.52,26.97
180.48,54.26,27.15
182.38,54.27,27.01
183.52,55.49,27.28
184.63,55.97,27.13
185.22,56.43,26.99
185.5253,56.28,27.02
183.5,57.25,26.87
180.25,57.5,27.14
178.67,57.63,26.72
177.83,57.58,26.83
179.21,57.58,26.75
179.46,57.1,26.65
177.0,56.89,26.6
175.37,56.44,26.34
176.15,56.71,26.63
176.7,56.57,26.77
177.99,56.28,26.93
176.9,56.4891,27.09
177.0,56.54,27.11
175.06,56.05,26.5
173.52,56.3713,26.59
173.22,56.34,26.94
177.36,56.66,27.1
176.45,55.84,27.03
177.88,57.1,27.17
180.12,57.21,27.27
181.05,57.97,27.43
181.96,58.07,27.38
183.56,58.35,27.68
185.84,58.1702,27.84
185.32,58.14,27.84
186.49,58.2,27.9
187.21,58.31,27.86
185.83,58.288,27.52
187.15,59.16,27.66
186.39,59.29,27.48
189.33,58.54,27.35
189.02,58.983,27.33
188.31,58.67,27.19
186.26,58.51,26.98
185.06,58.3,26.84
185.82,57.728,27.15
187.53,58.79,27.22
188.04,59.21,26.88
190.23,58.09,26.7313
181.2896,58.33,26.3
181.43,57.09,25.98
181.25,56.0,25.57
179.61,55.08,25.26
178.05,55.39,25.33
175.98,54.96,25.34
177.17,56.07,25.5
176.1296,55.5,25.21
176.02,55.5,25.13
173.5262,54.7176,24.53
172.19,55.1,24.46
173.97,55.35,24.8
175.64,56.65,25.2
176.9684,56.77,25.3923
176.81,56.6079,25.21
179.52,57.34,25.57
178.22,57.07,25.2299
181.26,57.89,25.47
183.18,58.02,26.01
182.74,58.36,25.68
182.96,57.53,25.31
184.25,57.59,25.12
182.82,57.62,25.02
183.52,57.9,25.38
183.94,57.37,25.33
183.83,56.78,25.21
185.38,56.57,25.54
183.33,56.3,25.21
185.81,56.95,25.52
186.57,57.48,25.78
187.37,58.51,26.06
188.3479,59.35,26.33
187.55,59.14,26.12
187.41,59.42,26.06
186.01,57.7,25.68
186.41,58.0,26.0
183.89,57.11,25.25
182.66,57.21,25.26
185.99,57.82,25.52
185.6,57.99,25.64
184.47,58.36,25.3685
188.5,60.96,25.6921
187.43,60.37,25.49
188.76,61.11,25.58
194.98,61.24,25.8004
191.91,59.94,25.58
189.9327,60.21,25.9
191.64,60.83,26.02
193.12,60.95,25.83
194.24,60.37,25.92
193.2,60.65,26.15
193.12,61.02,26.37
191.72,59.6901,25.95
193.89,58.8,25.76
193.88,59.1,25.86
196.0561,59.35,26.09
195.04,55.18,25.51
196.24,55.85,25.58
195.98,55.09,25.67
198.05,55.0,26.01
187.243,55.34,26.4706
189.8,55.26,26.63
192.0097,55.04,26.7
191.79,55.8,26.57
192.22,56.07,26.44
190.54,56.31,26.57
191.14,55.63,26.72
193.59,55.73,26.8314
194.38,56.24,26.8
196.31,55.92,26.73
193.75,55.83,26.7707
191.05,53.88,26.69
190.93,54.04,26.51
189.34,53.55,26.27
189.16,54.2,26.48
188.997,54.22,26.56
191.12,54.273,26.58
192.79,54.74,26.89
191.91,54.64,26.9075
189.07,54.2006,26.72
186.27,53.42,26.49
186.61,53.08,26.55
186.25,53.72,26.61
185.85,54.05,26.37
186.45,54.17,26.42
185.84,54.55,26.55
184.8,54.75,26.55
184.48,55.09,26.56
183.64,55.75,26.69
183.38,55.58,26.64
184.76,55.65,26.71
185.55,55.09,26.75
184.71,55.52,26.74
184.66,55.911,26.54
186.47,56.76,26.79
186.22,56.91,27.06
186.2,57.47,27.31
183.61,57.48,27.32
182.48,57.07,27.1
182.0,57.03,26.88
182.4,56.85,26.95
181.9,56.79,26.79
182.04,57.29,26.88
184.12,57.69,26.66
182.59,57.69,27.02
181.92,57.54,27.05
181.5,57.88,26.66
180.25,57.22,26.47
180.87,57.34,26.46
179.77,57.33,26.29
181.33,57.4408,26.44
181.7,57.15,26.27
186.34,57.27,26.35
188.39,57.23,26.81
187.61,56.89,26.8
187.65,56.35,26.62
187.68,55.8794,26.43
186.44,55.06,26.13
187.73,55.29,26.19
188.55,56.53,26.63
189.54,57.95,26.75
192.24,58.51,26.69
192.36,58.56,26.92
191.96,58.33,26.77
191.3,58.1216,26.33
191.59,58.42,26.07
194.11,58.76,26.07
193.95,59.07,25.95
195.3,58.92,25.97
194.2883,58.9395,25.67
195.3,59.13,25.57
195.2,59.02,25.58
192.84,58.65,25.53
190.5,57.39,25.07
189.35,56.91,25.33
188.75,56.43,25.1
185.36,55.89,25.13
186.64,56.63,25.61
184.4,55.89,25.46
187.81,56.54,25.84
187.45,56.23,25.85
188.0,56.69,25.72
187.57,56.77,25.89
187.85,57.24,25.95
188.1,56.86,25.87
190.04,57.6,26.14
189.86,57.42,26.08
190.9,57.66,26.42
190.77,58.44,26.34
191.39,58.98,26.15
191.02,59.57,26.22
193.03,59.85,26.05
191.47,59.25,26.03
192.28,59.34,26.03
192.68,59.46,25.89
192.39,60.02,25.98
191.69,59.628,25.99
190.53,59.6231,25.9
190.75,59.84,26.14
190.34,59.63,26.07
190.12,59.15,25.99
191.08,59.18,25.91
191.47,59.8,25.97
191.42,59.78,25.83
191.25,59.71,25.92
193.22,59.95,26.3187
192.79,60.54,26.19
194.54,61.74,26.35
193.72,60.94,26.19
192.75,60.82,25.99
191.0,61.18,26.01
192.05,61.49,25.88
188.93,60.33,25.58
188.51,60.0287,25.36
189.64,60.4,25.36
189.9101,60.24,25.4309
187.66,59.15,25.19
188.11,59.25,25.29
189.69,60.78,25.6
187.77,59.9204,25.1
185.97,59.36,24.95
189.12,60.33,25.23
185.8642,59.0303,24.79
185.49,58.5,24.24
184.89,56.69,24.18
182.46,57.02,23.86
179.8,54.75,23.99
181.24,55.73,25.0
166.85,56.1,24.91
166.4,57.2343,25.27
162.41,58.04,25.34
162.12,58.12,25.42
162.08,58.0,25.4381
162.0,58.45,25.66
162.0,58.87,25.58
164.33,59.62,25.88
163.5,58.94,25.42
165.48,60.12,25.86
164.25,60.79,25.49
164.34,60.24,25.73
163.134,60.8,25.9
161.28,61.08,25.89
161.42,61.07,26.29
161.9,61.25,26.41
163.7,61.71,26.47
162.28,60.42,26.27
162.0,60.5,26.47
162.1,60.25,26.43
164.16,60.0,26.47
164.73,60.35,26.7
162.05,60.4538,26.99
160.95,60.2,26.8
161.83,61.07,27.09
161.54,60.7,27.01
162.65,61.16,27.01
161.93,60.57,26.89
162.75,60.4046,26.8
161.64,59.98,26.16
162.47,60.01,26.07
162.47,60.96,26.16
164.01,61.1,26.26
163.61,62.01,26.14
163.29,62.6,25.88
160.84,61.85,25.46
163.01,62.1549,25.62
160.82,61.17,25.32
160.25,60.53,25.35
155.93,60.74,25.02
152.03,58.42,24.54
151.52,58.57,24.61
153.58,60.64,25.13
157.49,61.4,25.12
158.3262,62.16,25.65
162.23,62.05,25.69
162.88,62.74,25.89
162.27,62.67,25.84
162.0,62.42,25.7
160.02,62.72,25.6089
160.41,63.3,25.42
161.31,62.62,25.34
161.27,62.06,25.01
159.67,60.64,24.46
157.2,59.89,24.21
156.24,59.97,24.32
158.42,60.72,24.52
159.0,59.28,24.07
157.26,59.26,24.26
154.86,56.91,23.65
156.69,55.73,23.86
153.82,54.66,23.51
156.7005,56.04,23.84
153.03,55.45,23.83
151.94,56.38,24.3
155.03,57.72,24.43
158.2661,56.41,24.72
154.94,56.05,24.39
154.0,56.62,24.47
151.38,55.27,23.84
153.91,54.99,23.88
154.0,54.53,24.0
154.75,55.91,24.29
157.21,56.32,24.41
157.29,56.86,24.25
157.34,57.75,24.54
156.0,57.42,24.47
156.74,58.4185,24.77
157.76,58.06,24.71
158.72,58.93,24.81
158.78,59.46,24.99
159.75,59.36,25.12
161.8527,59.79,25.29
162.05,59.15,25.0314
163.64,58.96,24.88
164.23,59.5,25.22
162.49,60.25,25.12
164.94,60.76,25.4503
163.74,61.03,25.94
160.87,61.13,25.83
161.9312,61.24,25.88
160.27,61.65,26.05
160.54,61.6449,25.76
159.86,62.2,25.62
160.19,62.1584,25.71
158.2,60.84,25.52
159.5997,60.76,25.5
158.57,60.13,25.28
156.27,60.65,25.27
157.46,61.4,25.28
155.05,61.5,25.06
156.2,61.34,25.3
156.85,61.39,25.18
159.7,61.57,25.44
160.95,61.32,25.3397
162.77,61.75,25.48
164.79,60.97,25.38
163.08,60.53,25.23
159.27,59.46,24.8
160.79,59.49,24.92
161.31,60.88,24.98
161.08,60.72,25.09
160.23,60.41,24.72
159.52,60.07,24.81
159.69,59.92,24.9
161.67,61.15,25.17
161.72,61.06,25.05
161.7,61.27,25.09
162.34,61.35,27.13
162.37,61.64,28.0599
162.42,62.96,27.48
162.63,63.08,27.69
163.31,64.08,27.31
161.75,63.25,27.4
162.1,63.22,27.32
166.07,63.33,27.03
164.39,62.65,26.7
165.23,62.79,26.78
170.2143,62.63,26.88
170.89,62.7,26.96
170.83,62.4991,26.9481
173.4,62.56,26.95
173.77,63.58,27.06
173.2,63.7,27.09
174.47,63.68,27.36
173.51,64.51,27.25
172.904,64.53,27.0
169.63,63.67,26.7809
172.94,64.97,27.25
172.6427,65.26,27.25
170.55,65.31,26.82
171.24,65.42,27.02
173.5,65.83,27.32
173.91,66.1338,27.38
173.44,65.8,27.21
172.97,66.77,27.27
173.33,66.95,27.34
173.32,66.14,27.68
173.04,66.63,27.69
172.1167,66.2,27.52
171.16,65.95,27.57
171.45,66.36,27.5
171.35,66.18,27.5
170.21,65.99,27.26
169.66,65.83,27.22
170.5,66.43,27.43
169.53,66.31,27.42
168.25,67.37,27.26
167.17,67.46,27.32
165.34,66.95,27.28
166.49,67.59,27.36
169.26,68.36,27.57
168.23,68.31,27.44
166.99,67.58,27.2
166.33,67.77,27.17
167.0,68.41,27.19
167.05,68.35,27.075
167.62,68.46,27.27
167.65,68.87,27.3
168.38,69.35,27.42
168.71,69.51,27.55
167.8,69.32,27.28
166.23,68.94,27.04
163.92,67.68,26.9
163.99,67.89,26.82
163.9695,68.12,26.67
165.0431,67.9523,26.7
163.83,66.8768,26.527
164.94,67.09,26.38
164.0,66.0,26.09
165.34,66.49,26.17
165.66,67.22,26.39
167.93,67.89,26.49
169.43,67.98,26.35
168.48,69.23,26.61
169.47,69.63,26.98
170.33,69.35,27.26
172.79,69.5,27.12
164.34,69.16,27.01
162.73,69.28,26.88
160.27,70.19,26.58
161.2928,69.44,26.31
159.0,68.15,25.54
159.91,68.55,26.1
160.0,68.32,26.09
160.5,68.93,26.23
161.4,69.01,26.23
161.7,68.5883,26.12
158.4,68.47,25.89
159.1,69.05,26.09
157.13,68.75,26.15
155.89,68.33,25.95
156.77,68.22,25.9
155.96,68.23,26.03
154.26,67.41,25.54
156.06,67.25,25.77
155.0,67.42,25.65
155.2,67.62,25.95
155.51,67.98,26.17
155.15,67.93,25.9
152.74,66.81,25.51
151.5,65.09,24.9
143.47,59.29,22.838
146.9562,63.1,24.73
144.09,61.8,23.85
148.5,63.98,24.43
147.75,64.29,24.92
147.38,63.61,24.98
144.91,62.85,24.24
144.74,62.62,24.14
146.05,62.88,24.76
144.57,61.8,24.18
145.86,62.77,24.51
148.74,63.94,25.2
145.85,61.86,24.56
145.91,62.38,24.74
147.37,62.64,24.97
146.6,62.76,24.9
147.84,63.89,25.53
148.1,64.1374,25.5019
146.05,61.83,25.15
145.3851,61.52,24.89
144.62,60.6,24.76
144.21,60.8,25.01
142.6,60.01,24.87
145.55,61.27,25.0
144.42,60.92,24.69
141.99,59.98,24.33
143.69,60.7062,24.73
145.31,61.12,25.15
141.05,59.59,24.87
145.82,61.24,26.37
149.06,62.11,26.99
150.04,62.55,27.5
149.69,61.85,27.63
152.46,62.39,27.98
152.4,61.84,27.9804
150.78,61.39,27.97
149.6,60.76,27.74
150.91,60.47,27.8
150.45,62.43,28.61
149.85,62.0,28.8
142.49,62.36,28.82
140.2583,62.88,28.79
141.737,62.42,28.95
144.61,63.63,29.6973
144.75,63.84,29.52
143.51,63.53,29.41
137.92,63.7,29.33
140.36,65.26,29.17
140.44,65.3,29.22
140.5,64.45,28.94
140.02,65.29,29.21
142.55,66.01,29.55
141.61,65.79,29.47
138.6,68.37,29.44
137.92,68.7,29.76
135.36,67.19,29.63
136.09,68.1,30.199
134.7,66.86,30.41
132.95,65.84,29.86
131.79,65.46,29.88
134.2208,66.67,30.57
134.79,66.48,30.22
136.21,67.58,30.38
137.37,67.99,30.26
138.53,67.31,30.59
137.65,66.17,30.33
138.37,66.93,30.64
138.0014,67.0,30.27
138.61,67.28,30.3281
139.58,67.34,29.99
140.93,67.83,30.09
140.1,66.83,30.09
138.09,66.1,30.07
140.1558,67.66,30.42
138.28,66.25,30.07
137.38,65.61,30.02
137.03,65.54,30.44
135.23,64.8,30.32
135.31,64.227,30.26
137.4,65.07,30.4
139.12,66.91,30.46
139.35,67.9,30.94
136.41,65.97,30.39
135.83,65.02,30.42
135.88,65.92,30.49
138.3,66.12,30.52
138.433,66.62,30.8985
137.74,66.29,30.7385
138.25,66.84,31.01
139.58,67.04,31.2806
139.07,66.19,30.86
135.6,63.95,30.55
136.7501,63.7,30.68
134.38,62.72,30.27
133.7,61.46,29.65
133.18,61.13,29.2
131.81,58.83,28.54
133.65,59.45,28.76
133.5,59.4624,28.91
131.93,58.16,28.31
130.01,56.45,28.14
130.11,57.73,28.72
118.46,55.63,27.93
121.3,55.74,28.1318
124.67,56.4383,28.55
122.1,56.48,28.32
122.2454,55.85,28.07
122.73,57.0738,28.2
121.26,57.52,28.22
123.28,57.83,28.46
124.4,59.16,29.01
123.67,57.88,28.27
123.99,57.37,28.39
125.08,57.06,28.65
127.22,58.58,29.15
126.0,56.69,28.22
126.12,55.29,27.75
125.0,56.57,28.37
118.78,53.9,27.75
119.26,55.65,27.57
121.83,58.23,28.58
123.71,58.85,29.14
130.0,58.84,29.3
132.36,57.5,28.94
133.08,58.51,29.25
133.14,57.9,29.21
131.55,55.2,28.9
133.29,56.13,28.7998
134.51,57.64,29.3
132.0,57.41,29.44
132.24,56.76,29.41
133.7,59.2,29.78
137.22,59.58,30.2
137.54,60.1,30.22
137.28,59.54,30.2595
139.71,59.21,30.08
139.31,59.15,30.16
141.24,59.59,30.17
141.73,59.39,30.14
142.01,59.15,30.22
141.74,58.54,30.03
142.62,58.983,30.24
144.78,58.77,30.22
147.4,60.05,31.09
147.3,60.22,30.85
148.06,59.99,30.98
148.0,60.34,31.04
144.98,59.2997,30.91
147.75,59.53,31.14
147.59,59.33,31.46
149.95,59.46,31.76
149.79,59.45,31.89
150.51,59.02,31.5
152.34,59.44,31.69
151.43,58.59,30.95
149.9,58.18,30.89
149.07,58.26,30.72
149.06,57.706,30.9
150.26,57.91,30.83
149.61,58.34,30.68
150.75,60.48,30.98
151.5,61.69,30.99
151.04,62.88,31.07
151.72,61.64,30.9
146.47,62.55,31.1416
144.24,63.48,31.2
146.58,64.2612,31.12
149.44,63.64,31.03
148.16,63.5997,30.81
148.65,63.81,30.84
149.35,63.86,30.94
149.75,63.64,30.74
146.49,63.09,30.75
146.56,63.69,30.64
144.65,62.9,30.64
143.36,61.75,30.4
145.95,61.6,30.14
144.86,60.7,29.68
147.7,61.37,30.05
148.24,61.55,29.99
149.71,61.97,30.5
149.21,62.27,29.84
148.79,61.7,29.97
147.65,61.2115,29.55
149.21,61.43,29.89
147.99,61.7,29.7
146.48,63.53,29.33
145.71,63.86,29.53
147.61,63.45,29.52
146.88,63.94,29.72
148.93,64.94,30.0
151.55,65.57,30.07
152.35,65.21,30.14
152.557,65.73,30.12
153.0,64.76,30.04
152.59,65.52,30.01
152.4,64.25,30.02
153.09,64.64,30.0
153.31,65.45,30.14
153.5442,64.93,30.23
152.9054,64.79,30.16
152.79,63.93,30.02
151.63,63.48,29.9822
151.2801,62.68,29.8208
151.46,62.41,30.48
150.19,61.45,30.14
150.96,62.3,30.65
152.6,63.45,30.85
154.16,62.73,30.88
153.75,62.9494,31.0
153.45,63.7,31.06
149.97,60.48,30.11
146.18,58.71,29.54
144.78,59.19,29.81
146.5,60.36,30.51
148.86,61.63,30.66
151.78,61.52,31.33
151.19,60.45,31.25
151.85,59.01,31.27
152.75,60.52,31.81
154.0,61.3315,31.99
154.6,62.42,32.26
156.0085,63.03,32.31
157.75,63.08,32.26
158.8107,64.74,32.5
159.9,64.75,32.76
159.3,64.13,32.89
161.78,63.61,32.75
159.97,64.11,32.96
160.75,64.0,32.73
160.78,63.9,31.73
162.0,63.98,32.07
162.65,63.98,31.67
162.12,64.08,31.49
161.38,64.0,31.2
161.36,63.8,31.28
160.65,64.15,31.1188
161.27,63.59,31.11
160.13,63.69,31.03
160.86,64.4887,31.2
162.0,65.14,31.27
162.73,66.07,31.3
162.22,66.18,31.23
162.19,65.92,31.25
162.25,65.27,31.31
163.1831,64.97,31.2
162.4,65.56,31.3
161.11,65.36,31.14
160.97,65.8,31.26
160.89,65.62,31.25
160.84,65.72,31.32
160.0,65.75,31.17
160.33,66.07,31.45
159.89,65.9899,31.27
159.0,65.91,31.19
158.88,66.33,31.27
158.83,66.49,31.18
159.76,66.96,31.34
159.66,67.46,31.29
158.32,67.64,31.15
159.88,67.4,31.248
159.88,67.5,31.31
160.19,67.16,30.99
160.55,67.22,31.0
158.03,67.03,30.82
155.26,66.14,30.0
157.63,66.11,30.22
155.7,66.27,29.81
154.3,66.29,29.55
155.04,66.09,29.63
154.87,66.15,29.78
155.87,66.75,29.67
154.91,66.84,29.75
156.15,66.99,29.96
155.62,67.39,30.02
154.46,66.5953,29.8
154.32,65.41,29.6
156.99,66.58,29.92
158.63,66.7,29.8075
158.9,66.08,29.6
158.06,66.35,29.46
157.67,66.21,29.71
157.07,66.89,29.52
156.84,67.73,29.4
157.14,67.7947,29.06
156.71,68.34,29.0
156.73,68.5077,28.75
154.97,68.26,28.92
153.7,67.46,28.78
154.47,68.8,28.9595
154.45,67.42,28.9
150.02,67.85,29.03
151.27,67.81,29.0602
151.28,68.08,29.1
150.58,67.81,28.4414
150.4,68.97,29.0
150.5707,68.88,28.94
150.71,68.37,28.59
152.82,69.49,28.89
154.05,69.53,28.88
152.76,69.43,29.48
153.5,69.48,29.0
152.48,68.65,28.86
152.51,68.86,28.6
152.4,68.49,28.22
153.99,69.08,28.85
154.56,69.7,29.37
152.96,71.46,29.32
157.66,74.22,29.85
159.97,76.3,30.49
161.25,77.2466,30.74
158.42,78.37,30.48
158.46,78.22,30.65
159.22,77.9296,30.7
159.8,77.96,30.75
160.69,78.0,30.69
163.0,78.34,30.93
161.94,78.87,31.24
161.83,79.1,31.45
163.2,78.18,31.33
164.0,78.39,31.28
163.35,79.92,31.18
161.95,80.6557,30.64
159.0,81.8,31.36
160.85,82.3,31.43
160.13,83.6,31.19
160.5943,83.55,31.01
164.87,84.23,31.6
165.18,85.02,31.45
166.72,85.36,31.67
165.68,84.98,31.9
168.37,83.88,31.6082
168.01,85.4,31.49
168.97,86.29,31.52
166.83,84.8,31.76
167.49,85.79,31.92
166.25,86.43,32.2
167.36,86.44,31.91
167.0,87.0,31.87
166.98,87.05,31.89
167.29,87.16,31.84
166.02,86.58,31.74
166.44,86.1001,31.63
167.0,87.34,31.67
167.77,86.96,31.75
169.25,86.81,31.57
168.69,86.39,31.58
169.47,85.73,31.64
167.98,86.07,31.46
166.05,86.43,31.24
167.77,86.76,31.45
167.97,87.11,31.36
166.6941,84.93,31.17
167.45,83.63,31.21
166.96,84.06,31.25
167.81,83.43,30.76
170.08,83.3,30.5
171.36,83.92,29.86
176.26,85.84,30.42
178.06,85.95,30.44
178.47,86.66,30.4
176.98,86.19,29.96
175.05,85.6,29.85
175.0,85.54,29.73
174.23,84.34,29.58
175.0,86.1877,29.79
175.31,86.79,29.68
176.0,87.14,29.75
177.5,86.18,29.51
176.17,86.42,29.52
177.37,87.48,29.74
179.24,87.44,29.88
178.57,88.3,30.13
180.2,90.08,30.29
181.45,90.4,30.35
181.25,89.82,30.41
180.6,90.51,30.41
180.09,90.52,30.52
182.0,91.18,30.04
180.21,90.18,29.84
181.19,90.32,30.05
179.38,89.845,29.99
180.48,92.79,29.98
181.88,93.8587,30.23
180.53,92.23,30.19
179.72,92.25,30.0
180.71,91.64,29.93
180.75,92.68,29.89
179.15,91.6,29.75
178.21,91.95,29.84
177.85,91.31,30.2303
176.18,91.0255,29.76
175.71,91.8,29.55
178.46,92.03,29.8
176.29,91.83,29.85
175.65,90.27,29.9
176.01,90.36,29.86
174.0282,86.8915,29.56
174.43,87.21,29.5011
175.12,87.79,29.59
172.69,85.53,29.4497
173.94,87.02,29.31
174.3,88.6022,29.52
173.86,88.2,29.66
173.98,88.71,29.86
173.82,87.99,29.76
173.52,86.89,29.9
174.7,88.42,30.088
173.47,85.98,30.0011
172.08,85.93,29.92
172.53,86.08,30.07
170.65,85.54,30.0
171.04,85.93,29.88
169.92,85.5,29.7
169.75,84.44,29.6173
170.79,85.36,29.6
161.76,85.4995,29.89
161.32,84.98,30.05
162.05,85.5,30.27
161.29,86.55,29.85
161.78,88.55,29.45
160.53,88.35,29.52
160.29,88.37,29.29
160.5,87.6,29.1
160.05,87.36,29.01
159.44,86.71,29.01
158.74,86.06,28.92
158.89,87.69,29.27
153.52,87.25,29.13
152.8,87.04,29.16
152.6,87.26,29.08
151.65,86.529,28.92
151.05,87.09,28.68
150.3,86.68,28.36
150.62,87.1,28.07
151.66,87.3554,28.25
153.3,86.11,27.82
150.8572,84.07,27.26
151.01,84.21,27.55
152.1,85.18,28.23
152.57,84.75,28.21
152.21,85.88,28.32
153.25,85.99,27.7899
152.85,85.11,27.46
151.95,85.13,27.31
152.03,83.728,27.33
152.8,82.46,27.51
153.07,82.29,27.87
151.8237,82.64,27.9
152.0,82.29,27.9808
153.05,83.31,27.9508
150.999,83.91,27.66
152.0,85.51,27.63
154.19,87.32,29.24
155.44,87.55,29.12
153.97,86.77,28.48
153.29,86.25,28.48
154.23,86.85,28.98
155.51,86.97,28.96
154.48,87.75,28.71
155.79,87.48,28.18
154.5579,86.93,27.77
154.34,87.66,27.79
154.71,87.01,27.59
155.0,87.71,27.52
155.15,88.6,27.26
155.35,92.34,27.16
154.28,91.96,27.09
153.58,91.56,27.16
155.77,93.12,27.54
153.36,93.54,26.86
152.62,93.96,26.25
152.91,93.5,26.13
153.26,93.33,26.03
153.48,92.61,26.54
153.7,92.69,26.58
154.01,90.81,26.7403
153.59,91.82,26.76
152.36,90.45,26.76
150.02,91.34,26.85
147.53,91.15,27.02
147.59,91.06,25.38
146.9932,90.96,25.78
146.57,92.37,25.57
146.27,93.1,25.59
145.0,91.83,25.59
144.81,91.45,25.86
144.38,91.51,25.54
145.0,92.49,25.63
145.12,92.865,25.44
144.43,92.7,25.59
145.0,93.5,25.751
145.0,93.8903,25.74
142.0,93.95,25.63
141.75,92.98,25.55
141.64,92.9,25.71
142.45,92.13,25.4
142.0,92.37,25.28
142.55,93.31,25.21
141.79,93.04,25.12
142.52,91.76,25.07
140.87,90.31,24.63
139.59,90.85,24.49
140.64,91.07,24.57
140.7,90.8724,24.52
142.5,91.93,24.43
143.3,91.88,24.39
144.11,92.16,24.53
142.1114,90.45,24.33
143.26,91.2529,24.49
143.02,91.81,24.41
142.98,91.25,24.601
143.5,91.02,25.06
143.88,90.0,24.89
144.1,90.11,24.51
143.15,88.31,23.95
143.54,89.39,23.8
145.11,90.17,23.82
145.35,90.61,23.93
145.86,91.2,24.1
144.82,91.08,24.1
144.81,91.93,23.96
144.79,92.71,24.46
144.93,94.1,24.2
145.6473,94.46,24.33
145.59,94.7,24.84
145.12,94.51,24.92
146.36,93.78,25.15
146.68,94.97,25.0
145.66,95.59,24.39
145.45,95.3,24.22
145.35,95.77,24.2202
146.69,96.83,24.61
147.0,97.3,24.88
146.68,96.0,24.39
146.64,97.55,24.41
146.5,96.96,24.1
147.71,96.455,23.7
148.4,96.83,23.13
147.56,97.3,23.05
147.48,95.48,23.15
147.22,96.34,22.99
146.6414,98.07,23.22
157.12,98.15,23.2
159.7955,97.19,23.14
161.07,99.28,22.14
162.05,99.51,23.44
159.65,99.88,22.12
156.01,101.25,21.84
154.31,101.35,21.57
154.54,101.43,21.26
153.76,101.13,20.62
154.33,101.37,20.26
154.1,101.1,20.07
154.18,100.87,20.05
153.42,101.1,19.92
151.7672,101.34,20.52
151.37,100.56,20.17
151.6,98.27,20.2109
149.93,97.12,20.04
150.65,97.81,19.9788
148.88,96.69,20.26
147.95,97.34,18.79
148.0,96.39,17.51
147.73,98.53,18.48
149.34,97.82,18.34
150.64,98.45,18.13
151.3,99.5,17.95
152.0,99.03,17.87
151.95,98.83,18.38
152.06,98.31,18.34
152.35,98.21,18.17
152.81,102.41,18.45
153.65,104.74,18.56
154.4,104.9,18.28
155.96,107.73,18.0
156.461,107.17,17.98
154.1,105.41,17.75
153.59,103.95,17.66
154.98,105.08,17.74
155.46,105.72,17.72
157.2875,105.92,17.66
156.6,106.7,17.92
154.6,106.12,17.77
153.61,105.79,17.78
153.59,107.19,17.87
154.05,107.35,17.77
153.65,107.6,17.63
153.17,106.59,17.4601
151.82,108.195,17.51
152.51,107.2,17.45
152.946,106.67,17.46
153.2,107.4,17.35
154.1622,108.09,17.27
154.5,107.63,17.58
157.34,107.86,18.3
159.65,108.36,18.38
162.44,109.26,18.86
162.6588,108.15,18.67
163.9,108.72,18.33
162.91,109.47,18.59
164.8,110.67,19.23
164.02,111.65,19.12
165.1,111.51,18.32
168.01,111.89,17.65
170.0,112.76,17.4
164.4648,113.94,16.65
161.51,112.66,15.9
162.82,113.67,16.3
166.75,114.86,17.0
165.91,116.04,16.5
166.12,115.7,16.13
167.45,116.02,16.02
166.21,115.53,16.1
163.75,115.65,16.06
163.19,115.77,16.06
161.7,116.49,15.89
157.89,113.0065,15.48
150.29,106.85,14.82
154.17,111.55,15.31
152.48,113.11,15.19
148.6,109.1,14.69
150.9,111.1668,15.06
150.9,111.32,14.74
150.19,112.63,14.69
155.5,115.74,14.93
155.71,114.55,14.85
155.79,114.648,14.92
155.43,115.0,14.71
154.5,115.5,14.53
154.3,115.31,14.53
155.81,118.14,14.39
158.46,118.91,14.67
157.5,117.82,14.6
155.53,115.48,14.16
152.79,112.39,13.99
154.12,112.05,14.1793
157.28,115.64,14.6
155.0,113.75,14.48
159.0,115.11,14.5
157.47,116.55,14.62
159.64,118.0,15.02
160.09,118.2008,14.69
160.17,116.56,14.46
158.71,115.87,14.31
160.06,115.34,14.34
159.71,115.1,14.26
157.52,114.87,14.1
156.57,114.81,13.66
155.0,113.2,13.75
152.2375,110.27,13.4
151.21,109.19,13.2295
153.95,111.07,12.92
152.07,108.28,13.52
153.07,108.5,13.58
153.34,109.96,13.45
150.8,108.36,13.12
147.89,107.1,12.82
154.44,111.63,13.29
153.46,110.55,13.32
151.8,110.01,13.1001
155.03,112.13,13.0104
154.37,111.66,12.91
156.75,111.56,13.03
158.6701,115.02,13.41
157.99,110.94,13.5
158.82,111.37,13.38
152.14,110.53,13.88
149.19,109.53,13.67
147.9083,112.3,14.94
145.03,111.57,14.75
146.51,111.75,14.66
145.7848,110.27,14.72
146.6,109.97,14.11
146.8397,109.55,14.22
146.86,109.748,14.37
144.65,108.45,14.08
144.46,108.11,14.1
142.13,107.59,14.19
141.1,106.43,13.87
144.0,108.76,14.09
143.0,109.53,14.18
141.9,111.44,14.35
143.15,113.19,14.76
144.11,114.49,14.74
144.47,114.11,14.7
143.5,113.91,14.7
143.7,112.89,14.71
144.5,113.2034,15.12
144.47,112.75,15.08
144.9438,112.05,15.36
145.52,112.35,15.39
144.35,112.51,15.2
144.39,112.14,14.34
143.9,110.46,14.61
142.53,109.18,14.48
141.9,107.64,14.14
142.81,107.95,14.1
142.43,108.34,14.1
142.3,108.99,14.13
143.05,108.24,13.71
144.34,108.66,13.8216
145.0,111.18,13.63
145.0,110.62,13.78
146.62,111.12,13.99
147.1,111.1398,14.03
146.7826,110.4593,14.02
146.65,110.2893,13.87
144.9,107.8,13.51
144.18,107.26,13.21
143.12,106.9,13.0602
144.22,108.18,12.76
142.59,107.1,12.81
141.64,108.16,12.76
140.4,105.66,13.03
139.36,104.7166,13.46
139.11,104.68,13.86
138.1,103.68,13.94
140.32,106.68,13.83
138.28,103.7122,13.48
140.65,105.41,13.35
140.48,104.13,13.38
141.53,103.12,13.37
142.59,104.71,13.94
144.51,108.02,14.0
144.0015,106.31,14.056
145.85,107.42,14.05
146.45,107.3,13.9705
145.67,107.0479,13.89
144.75,110.69,13.85
143.51,110.42,13.74
147.85,111.06,13.72
148.58,110.0,13.72
146.35,111.0611,13.02
146.6958,113.55,12.92
146.01,113.88,13.1301
147.43,115.42,13.1
146.89,115.18,13.12
144.8,116.28,13.04
145.74,117.08,13.19
144.76,115.75,13.55
142.86,114.57,13.1698
143.24,116.0,13.15
146.95,116.79,13.12
146.65,117.74,13.12
147.33,117.33,13.19
145.53,117.51,13.01
144.5025,115.5,12.91
144.15,115.56,12.72
143.0,114.27,12.48
142.55,113.82,12.27
144.37,114.35,12.26
144.79,114.64,12.26
146.37,114.59,12.27
147.0,115.3657,12.34
146.01,115.31,12.61
145.04,114.96,12.41
145.46,114.98,12.52
146.94,115.2261,12.48
146.959,117.0,12.77
146.87,116.35,12.77
147.03,115.59,12.87
145.7189,114.83,12.73
145.98,114.34,12.88
145.19,115.0,12.45
146.8714,114.5,12.5
145.94,114.5,12.39
146.6,114.85,12.36
146.0016,113.54,12.439
146.37,114.25,12.3
147.35,113.37,12.67
148.85,113.81,12.5302
148.44,113.7884,12.61
147.76,114.33,12.67
148.6235,114.44,12.62
149.58,118.5,12.59
151.48,119.13,12.4
151.1,117.76,12.1009
149.91,117.04,11.73
152.4,116.75,11.25
152.01,115.42,11.37
151.16,113.65,11.44
151.71,113.3705,13.02
152.99,113.36,12.32
154.0,114.94,12.34
151.69,114.55,12.41
150.9,115.83,12.88
148.5,114.25,13.52
148.08,114.67,13.7105
147.5,114.7,13.39
142.62,110.9726,13.12
141.12,110.37,12.53
140.38,107.2,12.25
142.93,107.16,12.23
135.89,108.3798,12.25
132.73,109.02,12.14
130.65,107.65,12.28
129.58,108.15,12.59
129.02,104.2,12.15
131.17,104.76,12.71
127.25,104.18,12.2
125.21,104.0,11.59
119.34,104.46,11.429
120.48,105.71,10.56
116.49,108.08,10.18
115.5,109.62,10.01
117.51,109.9,9.62
116.1,108.61,9.39
120.7,108.67,9.36
123.79,110.37,9.45
122.66,111.01,9.14
123.61,112.23,8.79
123.5,111.42,8.42
121.19,109.1,8.02
121.11,110.23,8.76
119.66,108.24,8.24
120.8839,109.45,8.08
121.63,109.96,7.99
118.49,109.78,7.67
117.61,109.03,7.79
118.09,106.74,7.78
118.37,107.72,7.61
118.38,108.76,7.49
121.01,109.8,7.39
122.4385,110.27,7.65
121.66,109.85,7.66
125.67,112.38,7.54
124.49,111.6,7.75
119.72,105.01,7.2
123.9,105.16,7.3
119.74,102.87,6.97
123.25,103.13,7.04
122.51,101.66,6.84
121.26,101.55,7.49
119.5,99.99,7.08
119.07,99.77,7.09
116.9,99.42,7.18
117.15,98.41,7.64
115.7,96.61,7.65
112.5,96.68,7.32
109.9,92.89,7.06
108.0,92.69,6.99
109.99,94.82,7.18
114.22,97.95,7.19
113.33,97.59,7.52
112.01,95.95,7.46
114.53,98.64,8.02
114.91,99.11,8.19
117.5,100.43,8.545
119.66,101.63,8.91
120.91,100.81,8.5196
120.08,100.02,8.4997
121.58,99.8838,8.87
120.51,98.87,8.81
120.96,98.89,8.91
121.5755,102.25,8.71
120.56,102.11,8.9
123.27,103.7641,9.2306
123.3,103.08,8.9803
131.37,103.44,8.69
132.63,102.13,8.63
132.87,103.51,8.85
133.1,102.89,8.98
134.29,103.88,8.9
134.0,104.14,8.98
134.45,103.41,9.94
134.97,104.0056,10.2
134.02,103.79,10.27
135.28,104.52,10.25
135.22,103.71,10.6711
133.55,103.25,10.4199
132.34,102.08,10.01
134.29,101.76,9.87
135.15,101.95,10.07
136.92,102.9,9.98
137.17,102.47,10.29
137.58,103.9,10.1203
137.81,104.91,10.03
138.76,105.21,10.09
137.82,105.45,10.03
138.73,105.7,10.05
140.0,105.75,11.57
139.67,104.5,10.785
139.25,105.18,10.83
138.77,105.01,10.82
139.31,105.1,10.45
139.99,104.92,10.32
138.37,104.13,10.38
138.12,103.86,9.26
136.61,103.25,9.08
134.21,101.99,9.33
136.03,103.98,9.45
138.52,104.59,9.93
138.05,104.19,9.73
138.51,104.5,10.3
139.37,105.41,10.29
139.822,106.55,9.99
140.96,108.2,10.22
140.53,106.43,10.13
139.1,103.49,10.2
140.97,101.82,10.22
139.06,99.59,9.96
139.93,99.82,9.95
140.41,99.88,10.08
139.91,100.0,9.96
140.5,101.54,9.98
141.51,102.15,10.0194
143.35,104.6,10.06
143.65,105.81,10.26
143.62,104.5542,10.1
143.29,105.8,10.07
143.02,105.11,9.51
142.66,105.08,9.35
142.2,105.13,9.25
143.8,105.71,9.12
144.26,109.44,9.15
144.4,110.92,9.01
144.4,109.9,9.04
137.3785,111.7,9.16
139.0,114.53,9.13
139.42,112.83,9.25
139.15,113.0,9.2997
140.6,113.26,9.31
139.7,113.01,9.22
139.34,113.95,9.12
139.15,114.6,9.57
139.11,116.43,10.23
140.55,115.72,10.15
140.5,115.17,10.1498
139.7,116.0,10.3
138.3,114.18,10.24
139.15,114.03,10.34
137.7797,112.66,10.08
134.89,111.14,10.11
134.88,111.75,10.0202
133.28,110.08,9.85
131.82,109.55,9.94
132.59,109.21,10.15
134.74,110.62,10.22
134.68,110.0,10.01
133.53,110.58,9.91
136.12,111.44,9.96
136.0,111.4,9.95
135.13,109.64,9.81
133.53,109.52,9.62
132.13,109.1974,9.41
130.0,107.45,9.31
129.7412,108.65,9.37
128.44,105.56,9.34
127.1,105.8,9.3
129.56,107.85,9.61
133.38,109.86,10.07
132.19,110.1512,9.89
132.47,109.7,9.9
134.38,110.75,10.05
135.32,110.82,10.1
135.56,110.7,10.0803
135.13,109.46,10.36
135.44,109.5615,10.28
135.39,109.7,10.2
135.2,109.01,10.11
136.43,110.82,10.47
138.93,110.88,10.4705
138.44,110.19,10.665
139.2,109.28,10.46
139.46,108.68,10.26
138.87,108.3,10.22
138.72,108.84,10.24
138.57,111.0414,10.39
139.6,113.23,10.62
139.75,113.51,10.63
140.72,113.34,10.66
140.87,113.51,10.54
141.05,112.96,10.42
140.61,112.28,10.12
140.0,113.37,10.2898
140.79,113.37,10.22
141.9177,114.13,10.18
142.89,115.54,10.25
143.17,113.48,10.23
143.61,114.43,10.37
142.4988,113.93,10.01
149.96,114.89,10.0801
150.1559,112.91,10.05
150.57,114.88,10.28
150.12,115.58,10.58
149.82,116.89,10.6294
151.0,115.77,10.47
151.11,116.46,10.5
150.0,115.19,10.39
149.7,116.1,10.76
148.9,115.33,10.37
149.03,112.4,10.01
144.98,110.7888,9.79
142.03,110.05,9.71
138.74,108.0,9.44
138.45,109.05,9.51
139.27,109.35,9.47
135.66,108.44,9.04
133.7909,107.95,9.23
133.91,106.3,9.24
131.22,104.82,8.54
133.0359,106.37,8.41
134.88,109.63,8.88
135.24,107.85,8.58
134.96,108.21,8.36
134.69,108.37,8.18
133.63,108.0,8.09
131.05,106.62,8.06
131.2,107.35,8.09
130.44,105.08,7.92
134.18,108.14,8.04
135.58,109.84,8.14
134.85,108.98,8.1
135.71,109.45,8.41
138.3,111.25,8.99
141.52,112.66,8.82
140.59,113.71,8.75
143.0,116.3,8.91
144.85,116.89,9.15
144.03,116.55,9.4
144.32,119.0,9.31
142.56,118.9,9.3
142.48,118.42,9.3
142.05,118.32,9.31
142.46,119.7,9.35
143.25,119.74,9.46
141.19,117.78,9.22
142.5,118.75,9.31
141.74,117.27,8.96
143.17,117.88,9.18
144.41,117.96,9.04
143.73,118.36,9.08
145.59,118.4,8.96
142.19,114.81,8.56
141.62,112.27,8.5
142.06,112.34,8.61
142.26,114.19,8.55
140.24,113.06,8.48
139.77,112.67,8.31
139.77,113.14,8.34
142.77,116.03,8.59
142.31,115.85,8.84
142.54,118.85,8.74
142.49,119.96,8.86
135.0,120.75,8.92
134.22,120.0,9.01
132.61,122.05,8.99
132.55,123.45,8.77
133.52,124.2,8.98
134.83,125.29,9.12
134.12,125.0,8.92
136.0,126.57,9.02
135.42,126.06,9.01
133.83,126.05,9.78
135.11,125.49,10.05
134.5,126.2,10.08
